PMID,Title,Authors,Citation,First Author,Journal/Book,Publication Year,Create Date,PMCID,NIHMS ID,DOI
"32247569","Emanating the specialty clinical practices in Ayurveda: Preliminary observations from an arthritis clinic and its implications","Rastogi S.","J Ayurveda Integr Med. 2021 Jan-Mar;12(1):52-57. doi: 10.1016/j.jaim.2019.09.009. Epub 2020 Apr 1.","Rastogi S","J Ayurveda Integr Med","2021","2020/04/06","PMC8039344","","10.1016/j.jaim.2019.09.009"
"29276113","Ayurveda and the science of aging","Rao RV.","J Ayurveda Integr Med. 2018 Jul-Sep;9(3):225-232. doi: 10.1016/j.jaim.2017.10.002. Epub 2017 Dec 21.","Rao RV","J Ayurveda Integr Med","2018","2017/12/26","PMC6148064","","10.1016/j.jaim.2017.10.002"
"37244779","'Obesity and arthritis' as the morbid duo: Designing and experimenting a novel strategy for weight reduction at a secondary care ayurveda -arthritis center","Rastogi S, Pandey P, Kumar S, Verma A, R C.","J Ayurveda Integr Med. 2023 Sep-Oct;14(5):100722. doi: 10.1016/j.jaim.2023.100722. Epub 2023 May 25.","Rastogi S","J Ayurveda Integr Med","2023","2023/05/27","PMC10692377","","10.1016/j.jaim.2023.100722"
"35793592","Stratification of rheumatoid arthritis cohort using Ayurveda based deep phenotyping approach identifies novel genes in a GWAS","Juyal G, Pandey A, Garcia SL, Negi S, Gupta R, Kumar U, Bhat B, Juyal RC, Thelma BK.","J Ayurveda Integr Med. 2022 Jul-Sep;13(3):100578. doi: 10.1016/j.jaim.2022.100578. Epub 2022 Jul 3.","Juyal G","J Ayurveda Integr Med","2022","2022/07/06","PMC9259475","","10.1016/j.jaim.2022.100578"
"34331682","Turmeric and Curcumin: From Traditional to Modern Medicine","Akaberi M, Sahebkar A, Emami SA.","Adv Exp Med Biol. 2021;1291:15-39. doi: 10.1007/978-3-030-56153-6_2.","Akaberi M","Adv Exp Med Biol","2021","2021/07/31","","","10.1007/978-3-030-56153-6_2"
"33967304","Extraction methods of butterfly pea (Clitoria ternatea) flower and biological activities of its phytochemicals","Jeyaraj EJ, Lim YY, Choo WS.","J Food Sci Technol. 2021 Jun;58(6):2054-2067. doi: 10.1007/s13197-020-04745-3. Epub 2020 Sep 1.","Jeyaraj EJ","J Food Sci Technol","2021","2021/05/10","PMC8076379","","10.1007/s13197-020-04745-3"
"33151656","Boswellia Serrata","","2020 Nov 4. LiverTox: Clinical and Research Information on Drug-Induced Liver Injury [Internet]. Bethesda (MD): National Institute of Diabetes and Digestive and Kidney Diseases; 2012–.","","LiverTox: Clinical and Research Information on Drug-Induced Liver Injury","2012","2020/11/04","","",""
"17950516","Some phytochemical, pharmacological and toxicological properties of ginger (Zingiber officinale Roscoe): a review of recent research","Ali BH, Blunden G, Tanira MO, Nemmar A.","Food Chem Toxicol. 2008 Feb;46(2):409-20. doi: 10.1016/j.fct.2007.09.085. Epub 2007 Sep 18.","Ali BH","Food Chem Toxicol","2008","2007/10/24","","","10.1016/j.fct.2007.09.085"
"10680201","Ayurvedic medicine and arthritis","Chopra A.","Rheum Dis Clin North Am. 2000 Feb;26(1):133-44, x. doi: 10.1016/s0889-857x(05)70127-7.","Chopra A","Rheum Dis Clin North Am","2000","2000/02/19","","","10.1016/s0889-857x(05)70127-7"
"38972279","Clinical metabolomics investigation of rheumatoid arthritis patients receiving ayurvedic whole system intervention","Rastogi S, Verma A, Trivedi R, Shukla A, Kumar D.","J Ayurveda Integr Med. 2024 Jul-Aug;15(4):101009. doi: 10.1016/j.jaim.2024.101009. Epub 2024 Jul 6.","Rastogi S","J Ayurveda Integr Med","2024","2024/07/07","PMC11264181","","10.1016/j.jaim.2024.101009"
"24938440","Ayurvedic medicine for rheumatoid arthritis","Basnyat S, Kolasinski SL.","Curr Rheumatol Rep. 2014 Aug;16(8):435. doi: 10.1007/s11926-014-0435-6.","Basnyat S","Curr Rheumatol Rep","2014","2014/06/19","","","10.1007/s11926-014-0435-6"
"32201301","Safety and clinical effectiveness of Withania Somnifera (Linn.) Dunal root in human ailments","Tandon N, Yadav SS.","J Ethnopharmacol. 2020 Jun 12;255:112768. doi: 10.1016/j.jep.2020.112768. Epub 2020 Mar 19.","Tandon N","J Ethnopharmacol","2020","2020/03/24","","","10.1016/j.jep.2020.112768"
"37343417","Corrigendum to 'Evaluation of anti-inflammatory potential of the multidrug herbomineral formulation in male Wistar rats against rheumatoid arthritis' [J Ayurveda Integr Med 4 (2) (2013 Apr) 86-93]","Patel SS, Shah PV.","J Ayurveda Integr Med. 2023 May-Jun;14(3):100716. doi: 10.1016/j.jaim.2023.100716. Epub 2023 Jun 19.","Patel SS","J Ayurveda Integr Med","2023","2023/06/21","PMC10314228","","10.1016/j.jaim.2023.100716"
"34302162","Inflammation and ROS in arthritis: management by Ayurvedic medicinal plants","Prasad S, Kulshreshtha A, Lall R, Gupta SC.","Food Funct. 2021 Sep 20;12(18):8227-8247. doi: 10.1039/d1fo01078f.","Prasad S","Food Funct","2021","2021/07/24","","","10.1039/d1fo01078f"
"32783987","Withania somnifera (L.) Dunal - Modern perspectives of an ancient Rasayana from Ayurveda","Mukherjee PK, Banerjee S, Biswas S, Das B, Kar A, Katiyar CK.","J Ethnopharmacol. 2021 Jan 10;264:113157. doi: 10.1016/j.jep.2020.113157. Epub 2020 Aug 9.","Mukherjee PK","J Ethnopharmacol","2021","2020/08/14","","","10.1016/j.jep.2020.113157"
"37522786","MANAGING ARTHRITIS PAIN: MEDICATIONS AND LIFESTYLE CHANGES","Goyal B, Bishnoi S, Parveen S, Patel D, Yasmeen -, Tarekar A.","Georgian Med News. 2023 Jun;(339):117-122.","Goyal B","Georgian Med News","2023","2023/07/31","","",""
"21547047","Ayurveda-modern medicine interface: A critical appraisal of studies of Ayurvedic medicines to treat osteoarthritis and rheumatoid arthritis","Chopra A, Saluja M, Tillu G.","J Ayurveda Integr Med. 2010 Jul;1(3):190-8. doi: 10.4103/0975-9476.72620.","Chopra A","J Ayurveda Integr Med","2010","2011/05/07","PMC3087360","","10.4103/0975-9476.72620"
"11448551","Antioxidant potential of two polyherbal. preparations used in Ayurveda for the treatment of rheumatoid arthritis","Thabrew MI, Senaratna L, Samarawickrema N, Munasinghe C.","J Ethnopharmacol. 2001 Aug;76(3):285-91. doi: 10.1016/s0378-8741(01)00213-6.","Thabrew MI","J Ethnopharmacol","2001","2001/07/13","","","10.1016/s0378-8741(01)00213-6"
"33624882","Role of natural products in alleviation of rheumatoid arthritis-A review","Sharma D, Chaubey P, Suvarna V.","J Food Biochem. 2021 Apr;45(4):e13673. doi: 10.1111/jfbc.13673. Epub 2021 Feb 24.","Sharma D","J Food Biochem","2021","2021/02/24","","","10.1111/jfbc.13673"
"23472041","Managing arthritis: the need to think about whole systems","Dieppe P, Marsden D.","Rheumatology (Oxford). 2013 Aug;52(8):1345-6. doi: 10.1093/rheumatology/ket127. Epub 2013 Mar 7.","Dieppe P","Rheumatology (Oxford)","2013","2013/03/09","","","10.1093/rheumatology/ket127"
"27329782","RAACFDb: Rheumatoid arthritis ayurvedic classical formulations database","Mohamed Thoufic Ali AM, Agrawal A, Sajitha Lulu S, Mohana Priya A, Vino S.","J Ethnopharmacol. 2017 Feb 2;197:87-91. doi: 10.1016/j.jep.2016.06.047. Epub 2016 Jun 18.","Mohamed Thoufic Ali AM","J Ethnopharmacol","2017","2016/06/23","","","10.1016/j.jep.2016.06.047"
"29426006","Effectiveness of an Ayurveda treatment approach in knee osteoarthritis - a randomized controlled trial","Kessler CS, Dhiman KS, Kumar A, Ostermann T, Gupta S, Morandi A, Mittwede M, Stapelfeldt E, Spoo M, Icke K, Michalsen A, Witt CM.","Osteoarthritis Cartilage. 2018 May;26(5):620-630. doi: 10.1016/j.joca.2018.01.022. Epub 2018 Feb 7.","Kessler CS","Osteoarthritis Cartilage","2018","2018/02/10","","","10.1016/j.joca.2018.01.022"
"15894123","Antioxidant approach to disease management and the role of 'Rasayana' herbs of Ayurveda","Govindarajan R, Vijayakumar M, Pushpangadan P.","J Ethnopharmacol. 2005 Jun 3;99(2):165-78. doi: 10.1016/j.jep.2005.02.035. Epub 2005 Apr 26.","Govindarajan R","J Ethnopharmacol","2005","2005/05/17","","","10.1016/j.jep.2005.02.035"
"33977680","Efficacy of Ayurvedic treatment protocol in gouty arthritis - a clinical study","Vaprath Kuniyil AR, Soman D, Kundagol MC, Chacko J.","J Complement Integr Med. 2021 May 11;20(1):278-283. doi: 10.1515/jcim-2020-0301. eCollection 2023 Mar 1.","Vaprath Kuniyil AR","J Complement Integr Med","2021","2021/05/12","","","10.1515/jcim-2020-0301"
"27833362","Ayurvedic research and methodology: Present status and future strategies","Chauhan A, Semwal DK, Mishra SP, Semwal RB.","Ayu. 2015 Oct-Dec;36(4):364-369. doi: 10.4103/0974-8520.190699.","Chauhan A","Ayu","2015","2016/11/12","PMC5041382","","10.4103/0974-8520.190699"
"32768345","Management of juvenile spondyloarthropathy through Ayurveda:- a case report","Verma J, Bhoyar B.","J Ayurveda Integr Med. 2021 Jan-Mar;12(1):143-147. doi: 10.1016/j.jaim.2020.06.008. Epub 2020 Aug 5.","Verma J","J Ayurveda Integr Med","2021","2020/08/10","PMC8039353","","10.1016/j.jaim.2020.06.008"
"32390696","Telemedicine for Ayurveda consultation: Devising collateral methods during the COVID-19 lockdown impasse","Rastogi S, Singh N, Pandey P.","J Ayurveda Integr Med. 2022 Jan-Mar;13(1):100316. doi: 10.1016/j.jaim.2020.05.001. Epub 2020 May 8.","Rastogi S","J Ayurveda Integr Med","2022","2020/05/12","PMC7205709","","10.1016/j.jaim.2020.05.001"
"15846585","Ayurvedic medicine for rheumatoid arthritis: a systematic review","Park J, Ernst E.","Semin Arthritis Rheum. 2005 Apr;34(5):705-13. doi: 10.1016/j.semarthrit.2004.11.005.","Park J","Semin Arthritis Rheum","2005","2005/04/23","","","10.1016/j.semarthrit.2004.11.005"
"37703672","A case-control study for exploring the association of Prakriti with Rheumatoid Arthritis","Chinthala R, Baghel AS, Shubhangi K, Bhagavathi NNL.","J Ayurveda Integr Med. 2023 Sep-Oct;14(5):100789. doi: 10.1016/j.jaim.2023.100789. Epub 2023 Sep 11.","Chinthala R","J Ayurveda Integr Med","2023","2023/09/13","PMC10505973","","10.1016/j.jaim.2023.100789"
"23281076","Curcumin in inflammatory diseases","Shehzad A, Rehman G, Lee YS.","Biofactors. 2013 Jan-Feb;39(1):69-77. doi: 10.1002/biof.1066. Epub 2012 Dec 22.","Shehzad A","Biofactors","2013","2013/01/03","","","10.1002/biof.1066"
"38016365","Investigating antiarthritic potential of polyherbal emulgel","Rana N, Gupta P, Singh V, Ali M.","J Ayurveda Integr Med. 2023 Nov-Dec;14(6):100828. doi: 10.1016/j.jaim.2023.100828. Epub 2023 Nov 27.","Rana N","J Ayurveda Integr Med","2023","2023/11/28","PMC10711174","","10.1016/j.jaim.2023.100828"
"38056374","Aam assessment instrument for disease activity in Aamavata: Scope and challenges","Wagh S, Raut A.","J Ayurveda Integr Med. 2023 Nov-Dec;14(6):100816. doi: 10.1016/j.jaim.2023.100816. Epub 2023 Dec 5.","Wagh S","J Ayurveda Integr Med","2023","2023/12/06","PMC10749233","","10.1016/j.jaim.2023.100816"
"32746480","A Comprehensive Review on Physiological Effects of Curcumin","Ahsan R, Arshad M, Khushtar M, Ahmad MA, Muazzam M, Akhter MS, Gupta G, Muzahid M.","Drug Res (Stuttg). 2020 Oct;70(10):441-447. doi: 10.1055/a-1207-9469. Epub 2020 Aug 3.","Ahsan R","Drug Res (Stuttg)","2020","2020/08/04","","","10.1055/a-1207-9469"
"33281390","Therapeutic influence of some dietary articles on gut microbiota in the pathogenesis of rheumatoid arthritis (Amavata) - A review","Aswathy YS, Anandaraman PV.","Ayu. 2019 Jul-Sep;40(3):147-151. doi: 10.4103/ayu.AYU_192_19. Epub 2020 Aug 8.","Aswathy YS","Ayu","2019","2020/12/07","PMC7685262","","10.4103/ayu.AYU_192_19"
"32240781","Neurodegenerative diseases and Withania somnifera (L.): An update","Dar NJ, Muzamil Ahmad.","J Ethnopharmacol. 2020 Jun 28;256:112769. doi: 10.1016/j.jep.2020.112769. Epub 2020 Mar 30.","Dar NJ","J Ethnopharmacol","2020","2020/04/03","","","10.1016/j.jep.2020.112769"
"21773714","Comparable efficacy of standardized Ayurveda formulation and hydroxychloroquine sulfate (HCQS) in the treatment of rheumatoid arthritis (RA): a randomized investigator-blind controlled study","Chopra A, Saluja M, Tillu G, Venugopalan A, Narsimulu G, Handa R, Bichile L, Raut A, Sarmukaddam S, Patwardhan B.","Clin Rheumatol. 2012 Feb;31(2):259-69. doi: 10.1007/s10067-011-1809-z. Epub 2011 Jul 20.","Chopra A","Clin Rheumatol","2012","2011/07/21","","","10.1007/s10067-011-1809-z"
"12594124","Ayurveda in ankylosing spondylitis and low back pain","Falkenbach A, Oberguggenberger R.","Ann Rheum Dis. 2003 Mar;62(3):276-7. doi: 10.1136/ard.62.3.276.","Falkenbach A","Ann Rheum Dis","2003","2003/02/21","PMC1754462","","10.1136/ard.62.3.276"
"37301302","Commiphora mukul (Hook. ex Stocks) Engl.: Historical records, application rules, phytochemistry, pharmacology, clinical research, and adverse reaction","Garang Z, Feng Q, Luo R, La M, Zhang J, Wu L, Wang Z, Zeweng Y, Jiangyong S.","J Ethnopharmacol. 2023 Dec 5;317:116717. doi: 10.1016/j.jep.2023.116717. Epub 2023 Jun 8.","Garang Z","J Ethnopharmacol","2023","2023/06/10","","","10.1016/j.jep.2023.116717"
"38284718","Exploring the Promising Role of Guggulipid in Rheumatoid Arthritis Management: An In-depth Analysis","Sahu A, Rathee S, Jain SK, Patil UK.","Curr Rheumatol Rev. 2024;20(5):469-487. doi: 10.2174/0115733971280984240101115203.","Sahu A","Curr Rheumatol Rev","2024","2024/01/29","","","10.2174/0115733971280984240101115203"
"23376280","Nyctanthes arbor-tristis Linn--a critical ethnopharmacological review","Agrawal J, Pal A.","J Ethnopharmacol. 2013 Apr 19;146(3):645-58. doi: 10.1016/j.jep.2013.01.024. Epub 2013 Jan 30.","Agrawal J","J Ethnopharmacol","2013","2013/02/05","","","10.1016/j.jep.2013.01.024"
"22512551","Cyclin-dependent kinase inhibition by flavoalkaloids","Jain SK, Bharate SB, Vishwakarma RA.","Mini Rev Med Chem. 2012 Jun;12(7):632-49. doi: 10.2174/138955712800626683.","Jain SK","Mini Rev Med Chem","2012","2012/04/20","","","10.2174/138955712800626683"
"22996324","Herbal medicine for rheumatic diseases: promises kept?","Kolasinski SL.","Curr Rheumatol Rep. 2012 Dec;14(6):617-23. doi: 10.1007/s11926-012-0293-z.","Kolasinski SL","Curr Rheumatol Rep","2012","2012/09/22","","","10.1007/s11926-012-0293-z"
"26728196","Benefits of antioxidant supplements for knee osteoarthritis: rationale and reality","Grover AK, Samson SE.","Nutr J. 2016 Jan 5;15:1. doi: 10.1186/s12937-015-0115-z.","Grover AK","Nutr J","2016","2016/01/06","PMC4700773","","10.1186/s12937-015-0115-z"
"23723661","Management of rheumatoid arthritis (Aamavata) using symbiohealth healthcare system","Basisht GK, Singh RH, Chandola H.","Ayu. 2012 Oct;33(4):466-74. doi: 10.4103/0974-8520.110513.","Basisht GK","Ayu","2012","2013/06/01","PMC3665188","","10.4103/0974-8520.110513"
"29754136","Unravelling the NERDS syndrome","Singh AD, Suri TM, Jagdish RK, Kumar U.","BMJ Case Rep. 2018 May 12;2018:bcr2017223506. doi: 10.1136/bcr-2017-223506.","Singh AD","BMJ Case Rep","2018","2018/05/14","PMC5950571","","10.1136/bcr-2017-223506"
"39006656","Utilization of Ayurveda, Yoga, Naturopathy, Unani, Siddha, and Homoeopathy (AYUSH) Practitioners' Services Among Older Adults: Results From the Longitudinal Aging Study in India","Mohanty P, Kishore J, Acharya GC, Mohanty I, Patnaik L, Bhowmik B, Sahoo M, Satpathy N, Sahoo PK, Jena PK.","Cureus. 2024 Jun 11;16(6):e62192. doi: 10.7759/cureus.62192. eCollection 2024 Jun.","Mohanty P","Cureus","2024","2024/07/15","PMC11239359","","10.7759/cureus.62192"
"31731424","Withania Somnifera (Ashwagandha) and Withaferin A: Potential in Integrative Oncology","Dutta R, Khalil R, Green R, Mohapatra SS, Mohapatra S.","Int J Mol Sci. 2019 Oct 25;20(21):5310. doi: 10.3390/ijms20215310.","Dutta R","Int J Mol Sci","2019","2019/11/17","PMC6862083","","10.3390/ijms20215310"
"17569205","Curcumin: the Indian solid gold","Aggarwal BB, Sundaram C, Malani N, Ichikawa H.","Adv Exp Med Biol. 2007;595:1-75. doi: 10.1007/978-0-387-46401-5_1.","Aggarwal BB","Adv Exp Med Biol","2007","2007/06/16","","","10.1007/978-0-387-46401-5_1"
"10403289","Rheumatic diseases in Ayurveda: a historical perspective","Ulrich-Merzenich G, Kraft K, Singh LM.","Arthritis Rheum. 1999 Jul;42(7):1553-5. doi: 10.1002/1529-0131(199907)42:7<1553::AID-ANR34>3.0.CO;2-G.","Ulrich-Merzenich G","Arthritis Rheum","1999","1999/07/14","","","10.1002/1529-0131(199907)42:7<1553::AID-ANR34>3.0.CO;2-G"
"21234398","Immunomodulation of Autoimmune Arthritis by Herbal CAM","Venkatesha SH, Rajaiah R, Berman BM, Moudgil KD.","Evid Based Complement Alternat Med. 2011;2011:986797. doi: 10.1155/2011/986797. Epub 2010 Dec 22.","Venkatesha SH","Evid Based Complement Alternat Med","2011","2011/01/15","PMC3014691","","10.1155/2011/986797"
"21059382","Critical review on medicinally potent plant species: Gloriosa superba","Jana S, Shekhawat GS.","Fitoterapia. 2011 Apr;82(3):293-301. doi: 10.1016/j.fitote.2010.11.008. Epub 2010 Nov 6.","Jana S","Fitoterapia","2011","2010/11/10","","","10.1016/j.fitote.2010.11.008"
"34529902","Phytochemistry and pharmacology of Celastrus paniculatus Wild.: a nootropic drug","Aleem M.","J Complement Integr Med. 2021 Sep 15;20(1):24-46. doi: 10.1515/jcim-2021-0251. eCollection 2023 Mar 1.","Aleem M","J Complement Integr Med","2021","2021/09/16","","","10.1515/jcim-2021-0251"
"36817000","Inhibitory effects of mixed flavonoid supplements on unraveled DSS-induced ulcerative colitis and arthritis","Panda SP, Mahamat MSA, Rasool MA, Prasanth D, Ismail IA, Abasher MAA, Jena BR.","Bioimpacts. 2023;13(1):73-84. doi: 10.34172/bi.2022.23523. Epub 2022 Dec 31.","Panda SP","Bioimpacts","2023","2023/02/23","PMC9923810","","10.34172/bi.2022.23523"
"22987043","Intersection of inflammation and herbal medicine in the treatment of osteoarthritis","Mobasheri A.","Curr Rheumatol Rep. 2012 Dec;14(6):604-16. doi: 10.1007/s11926-012-0288-9.","Mobasheri A","Curr Rheumatol Rep","2012","2012/09/19","PMC3481054","","10.1007/s11926-012-0288-9"
"27671824","Gambogic Acid and Its Role in Chronic Diseases","Pandey MK, Karelia D, Amin SG.","Adv Exp Med Biol. 2016;928:375-395. doi: 10.1007/978-3-319-41334-1_15.","Pandey MK","Adv Exp Med Biol","2016","2016/09/28","","","10.1007/978-3-319-41334-1_15"
"22556897","Rheumatoid arthritis and astercantha longifolia","Thankamma A.","Anc Sci Life. 1999 Jan;18(3-4):247-9.","Thankamma A","Anc Sci Life","1999","2012/05/05","PMC3336470","",""
"24511547","Phytochemical and pharmacological properties of Gymnema sylvestre: an important medicinal plant","Tiwari P, Mishra BN, Sangwan NS.","Biomed Res Int. 2014;2014:830285. doi: 10.1155/2014/830285. Epub 2014 Jan 6.","Tiwari P","Biomed Res Int","2014","2014/02/11","PMC3912882","","10.1155/2014/830285"
"31142786","Herbo-mineral formulation 'Ashwashila' attenuates rheumatoid arthritis symptoms in collagen-antibody-induced arthritis (CAIA) mice model","Balkrishna A, Sakat SS, Joshi K, Paudel S, Joshi D, Joshi K, Ranjan R, Gupta A, Bhattacharya K, Varshney A.","Sci Rep. 2019 May 29;9(1):8025. doi: 10.1038/s41598-019-44485-9.","Balkrishna A","Sci Rep","2019","2019/05/31","PMC6541602","","10.1038/s41598-019-44485-9"
"37017881","Therapeutic Application, Phytoactives and Pharmacology of Tinospora cordifolia: An Evocative Review","Ahsan R, Mishra A, Badar B, Owais M, Mishra V.","Chin J Integr Med. 2023 Jun;29(6):549-555. doi: 10.1007/s11655-023-3733-2. Epub 2023 Apr 5.","Ahsan R","Chin J Integr Med","2023","2023/04/05","PMC10073789","","10.1007/s11655-023-3733-2"
"38857679","In vitro and in vivo studies of the therapeutic potential of Tinospora crispa extracts in osteoarthritis: Targeting oxidation, inflammation, and chondroprotection","Llamasares-Castillo A, Uclusin-Bolibol R, Rojsitthisak P, Alcantara KP.","J Ethnopharmacol. 2024 Oct 28;333:118446. doi: 10.1016/j.jep.2024.118446. Epub 2024 Jun 8.","Llamasares-Castillo A","J Ethnopharmacol","2024","2024/06/10","","","10.1016/j.jep.2024.118446"
"17900536","Curcumin as ""Curecumin"": from kitchen to clinic","Goel A, Kunnumakkara AB, Aggarwal BB.","Biochem Pharmacol. 2008 Feb 15;75(4):787-809. doi: 10.1016/j.bcp.2007.08.016. Epub 2007 Aug 19.","Goel A","Biochem Pharmacol","2008","2007/09/29","","","10.1016/j.bcp.2007.08.016"
"36822147","Development and validation of an ama instrument for assessing the disease activity on the basis of constitutional features in Amavata (Rheumatoid Arthritis)","Pandey P, Rastogi S, Lawrence A, Agrawal GG.","J Ayurveda Integr Med. 2023 Mar-Apr;14(2):100689. doi: 10.1016/j.jaim.2023.100689. Epub 2023 Feb 21.","Pandey P","J Ayurveda Integr Med","2023","2023/02/23","PMC9978619","","10.1016/j.jaim.2023.100689"
"25062981","Ayurvedic interventions for osteoarthritis: a systematic review and meta-analysis","Kessler CS, Pinders L, Michalsen A, Cramer H.","Rheumatol Int. 2015 Feb;35(2):211-32. doi: 10.1007/s00296-014-3095-y. Epub 2014 Jul 26.","Kessler CS","Rheumatol Int","2015","2014/07/27","","","10.1007/s00296-014-3095-y"
"38748045","Exploring Sjögren's syndrome through interdisciplinary perspectives: a concise review","Rathore T, Dattatri M.","J Immunoassay Immunochem. 2024 May 3;45(3):153-177. doi: 10.1080/15321819.2024.2353766. Epub 2024 May 15.","Rathore T","J Immunoassay Immunochem","2024","2024/05/15","","","10.1080/15321819.2024.2353766"
"38788667","Chronic urine retention due to neurogenic bladder in a young woman treated through ayurveda: A case report","Sanjeev Rastogi.","J Ayurveda Integr Med. 2024 May-Jun;15(3):100926. doi: 10.1016/j.jaim.2024.100926. Epub 2024 May 23.","Sanjeev Rastogi","J Ayurveda Integr Med","2024","2024/05/24","PMC11145534","","10.1016/j.jaim.2024.100926"
"10748962","Traditional Indian systems of medicine","Lodha R, Bagga A.","Ann Acad Med Singap. 2000 Jan;29(1):37-41.","Lodha R","Ann Acad Med Singap","2000","2000/04/05","","",""
"21617554","Double-blind, randomized, controlled, pilot study comparing classic ayurvedic medicine, methotrexate, and their combination in rheumatoid arthritis","Furst DE, Venkatraman MM, McGann M, Manohar PR, Booth-LaForce C, Sarin R, Sekar PG, Raveendran KG, Mahapatra A, Gopinath J, Kumar PR.","J Clin Rheumatol. 2011 Jun;17(4):185-92. doi: 10.1097/RHU.0b013e31821c0310.","Furst DE","J Clin Rheumatol","2011","2011/05/28","","","10.1097/RHU.0b013e31821c0310"
"22626923","The genus Commiphora: a review of its traditional uses, phytochemistry and pharmacology","Shen T, Li GH, Wang XN, Lou HX.","J Ethnopharmacol. 2012 Jul 13;142(2):319-30. doi: 10.1016/j.jep.2012.05.025. Epub 2012 May 21.","Shen T","J Ethnopharmacol","2012","2012/05/26","","","10.1016/j.jep.2012.05.025"
"33792526","Brassica juncea (L.) Czern. leaves alleviate adjuvant-induced rheumatoid arthritis in rats via modulating the finest disease targets - IL2RA, IL18 and VEGFA","Lakshmanan DK, Murugesan S, Rajendran S, Ravichandran G, Elangovan A, Raju K, Prathiviraj R, Pandiyan R, Thilagar S.","J Biomol Struct Dyn. 2022 Nov;40(18):8155-8168. doi: 10.1080/07391102.2021.1907226. Epub 2021 Apr 1.","Lakshmanan DK","J Biomol Struct Dyn","2022","2021/04/01","","","10.1080/07391102.2021.1907226"
"19751181","Chlorophytum borivilianum: a white gold for biopharmaceuticals and neutraceuticals","Thakur GS, Bag M, Sanodiya BS, Debnath M, Zacharia A, Bhadauriya P, Prasad GB, Bisen PS.","Curr Pharm Biotechnol. 2009 Nov;10(7):650-66. doi: 10.2174/138920109789542084.","Thakur GS","Curr Pharm Biotechnol","2009","2009/09/16","","","10.2174/138920109789542084"
"27833370","Management of Amavata (rheumatoid arthritis) with diet and Virechanakarma","Gupta SK, Thakar AB, Dudhamal TS, Nema A.","Ayu. 2015 Oct-Dec;36(4):413-415. doi: 10.4103/0974-8520.190688.","Gupta SK","Ayu","2015","2016/11/12","PMC5041390","","10.4103/0974-8520.190688"
"32398909","Efficacy of Seetarama Vati (A Sri Lankan traditional drug) and Vatari Guggulu in the management of Amavata (rheumatoid arthritis)-an open labeled randomized comparative clinical trial","Maragalawaththa MGSK, Goyal M.","Ayu. 2019 Apr-Jun;40(2):97-103. doi: 10.4103/ayu.AYU_65_18. Epub 2020 Mar 20.","Maragalawaththa MGSK","Ayu","2019","2020/05/14","PMC7210824","","10.4103/ayu.AYU_65_18"
"23562803","Medicinal plants of genus Curculigo: traditional uses and a phytochemical and ethnopharmacological review","Nie Y, Dong X, He Y, Yuan T, Han T, Rahman K, Qin L, Zhang Q.","J Ethnopharmacol. 2013 Jun 3;147(3):547-63. doi: 10.1016/j.jep.2013.03.066. Epub 2013 Apr 3.","Nie Y","J Ethnopharmacol","2013","2013/04/09","","","10.1016/j.jep.2013.03.066"
"36415438","Positive Outcomes of Comprehensive Exercise Program on Restoration of Functional Level and Quality of Life in a Patient With Rheumatoid Arthritis: A Case Report","Raipure A, Kumbhare R, Walke RR.","Cureus. 2022 Oct 21;14(10):e30553. doi: 10.7759/cureus.30553. eCollection 2022 Oct.","Raipure A","Cureus","2022","2022/11/23","PMC9674205","","10.7759/cureus.30553"
"21870424","Ethno biological usage of zoo products in rheumatoid arthritis","Gomes A, Alam MA, Bhattacharya S, Dasgupta SC, Mukherjee S, Bhattacharya S, Gomes A.","Indian J Exp Biol. 2011 Aug;49(8):565-73.","Gomes A","Indian J Exp Biol","2011","2011/08/30","","",""
"26851499","A comprehensive analysis on Symplocos racemosa Roxb.: Traditional uses, botany, phytochemistry and pharmacological activities","Acharya N, Acharya S, Shah U, Shah R, Hingorani L.","J Ethnopharmacol. 2016 Apr 2;181:236-51. doi: 10.1016/j.jep.2016.01.043. Epub 2016 Feb 3.","Acharya N","J Ethnopharmacol","2016","2016/02/07","","","10.1016/j.jep.2016.01.043"
"11795092","Ayurvedic medicine. Core concept, therapeutic principles, and current relevance","Chopra A, Doiphode VV.","Med Clin North Am. 2002 Jan;86(1):75-89, vii. doi: 10.1016/s0025-7125(03)00073-7.","Chopra A","Med Clin North Am","2002","2002/01/25","","","10.1016/s0025-7125(03)00073-7"
"29609927","Complementary and alternative medicine for rheumatic diseases: A systematic review of randomized controlled trials","Phang JK, Kwan YH, Goh H, Tan VIC, Thumboo J, Østbye T, Fong W.","Complement Ther Med. 2018 Apr;37:143-157. doi: 10.1016/j.ctim.2018.03.003. Epub 2018 Mar 5.","Phang JK","Complement Ther Med","2018","2018/04/04","","","10.1016/j.ctim.2018.03.003"
"30831463","Therapeutic effects of the total lignans from Vitex negundo seeds on collagen-induced arthritis in rats","Jing R, Ban Y, Xu W, Nian H, Guo Y, Geng Y, Zang Y, Zheng C.","Phytomedicine. 2019 May;58:152825. doi: 10.1016/j.phymed.2019.152825. Epub 2019 Jan 9.","Jing R","Phytomedicine","2019","2019/03/05","","","10.1016/j.phymed.2019.152825"
"23971718","Suppression of NF-κB p65 nuclear translocation and tumor necrosis factor-α by Pongamia pinnata seed extract in adjuvant-induced arthritis","Bose M, Chakraborty M, Bhattacharya S, Bhattacharjee P, Mandal S, Kar M, Mishra R.","J Immunotoxicol. 2014 Jul-Sep;11(3):222-30. doi: 10.3109/1547691X.2013.824931. Epub 2013 Aug 23.","Bose M","J Immunotoxicol","2014","2013/08/27","","","10.3109/1547691X.2013.824931"
"16562833","Turmeric extracts containing curcuminoids prevent experimental rheumatoid arthritis","Funk JL, Oyarzo JN, Frye JB, Chen G, Lantz RC, Jolad SD, Sólyom AM, Timmermann BN.","J Nat Prod. 2006 Mar;69(3):351-5. doi: 10.1021/np050327j.","Funk JL","J Nat Prod","2006","2006/03/28","PMC2533857","NIHMS62829","10.1021/np050327j"
"31606270","Anti-arthritic potential of ethanol and aqueous extracts of stem bark of Cleistopholis patens on complete Freund's adjuvant-induced rheumatoid arthritis in rats","Aloke C, Ibiam UA, Orji OU, Ugwuja EI, Ezeani NN, Aja PM, Obasi NA.","J Ayurveda Integr Med. 2021 Jan-Mar;12(1):28-34. doi: 10.1016/j.jaim.2018.12.009. Epub 2019 Oct 9.","Aloke C","J Ayurveda Integr Med","2021","2019/10/14","PMC8039354","","10.1016/j.jaim.2018.12.009"
"36476430","Phytochemistry and Polypharmacological Potential of Colebrookea oppositifolia Smith","Kumar D, Singla RK, Sharma P, Kumar L, Kaur N, Dhawan RK, Sharma S, Dua K, Sharma R.","Curr Top Med Chem. 2023;23(5):334-348. doi: 10.2174/1568026623666221202112414.","Kumar D","Curr Top Med Chem","2023","2022/12/08","","","10.2174/1568026623666221202112414"
"12974396","Snake venom as therapeutic agents: from toxin to drug development","Pal SK, Gomes A, Dasgupta SC, Gomes A.","Indian J Exp Biol. 2002 Dec;40(12):1353-8.","Pal SK","Indian J Exp Biol","2002","2003/09/17","","",""
"21553931","Boswellia serrata: an overall assessment of in vitro, preclinical, pharmacokinetic and clinical data","Abdel-Tawab M, Werz O, Schubert-Zsilavecz M.","Clin Pharmacokinet. 2011 Jun;50(6):349-69. doi: 10.2165/11586800-000000000-00000.","Abdel-Tawab M","Clin Pharmacokinet","2011","2011/05/11","","","10.2165/11586800-000000000-00000"
"10641045","Pharmacological activity of Elaeocarpus sphaericus","Singh RK, Acharya SB, Bhattacharya SK.","Phytother Res. 2000 Feb;14(1):36-9. doi: 10.1002/(sici)1099-1573(200002)14:1<36::aid-ptr541>3.0.co;2-j.","Singh RK","Phytother Res","2000","2000/01/21","","","10.1002/(sici)1099-1573(200002)14:1<36::aid-ptr541>3.0.co;2-j"
"22557572","Studies on ancient Indian concept of 'role of impaired gastro - intestinal function - enteropathy', in the pathogenesis and treatment of rheumatoid arthritis - amavata","Kishore P, Padhi MM.","Anc Sci Life. 1987 Apr;6(4):203-16.","Kishore P","Anc Sci Life","1987","2012/05/05","PMC3331427","",""
"38702944","A short review on deciphering Vyadhikshamatva: insights from HLA-B27-ankylosing spondylitis relation","P AT, Deogade MS, Nesari TM, Ramachandran A.","J Complement Integr Med. 2024 May 6;21(2):264-267. doi: 10.1515/jcim-2024-0083. eCollection 2024 Jun 1.","P AT","J Complement Integr Med","2024","2024/05/04","","","10.1515/jcim-2024-0083"
"38905448","Therapeutic ayurvedic interventions for the management of rheumatoid arthritis complicated by adhesive capsulitis - a case report","Khurana B, Dipankar DG, Saini N, Dubal NS.","J Complement Integr Med. 2024 Jun 21. doi: 10.1515/jcim-2024-0063. Online ahead of print.","Khurana B","J Complement Integr Med","2024","2024/06/21","","","10.1515/jcim-2024-0063"
"25058430","Downregulation of inflammatory mediators and pro-inflammatory cytokines by alkaloids of Jeevaneeya rasayana in adjuvant-induced arthritis","Shyni GL, Sindhu G, Helen A.","Immunol Invest. 2015;44(1):70-87. doi: 10.3109/08820139.2014.936937. Epub 2014 Jul 24.","Shyni GL","Immunol Invest","2015","2014/07/25","","","10.3109/08820139.2014.936937"
"28302414","Effect of panchakarma and Ayurvedic treatment in postpartum rheumatoid arthritis (amavata): A case study","Deshpande SV, Deshpande VS, Potdar SS.","J Ayurveda Integr Med. 2017 Jan-Mar;8(1):42-44. doi: 10.1016/j.jaim.2016.10.003. Epub 2017 Mar 14.","Deshpande SV","J Ayurveda Integr Med","2017","2017/03/18","PMC5377475","","10.1016/j.jaim.2016.10.003"
"10956379","Scientific basis for the therapeutic use of Withania somnifera (ashwagandha): a review","Mishra LC, Singh BB, Dagenais S.","Altern Med Rev. 2000 Aug;5(4):334-46.","Mishra LC","Altern Med Rev","2000","2000/08/24","","",""
"37380577","Self reported benefits of participating in group prayer in a hospital outpatient setting: A cross-sectional observational study","Rastogi S, Pandey P, Maurya K, Kumar S, Varma A, R C, Singh G.","J Ayurveda Integr Med. 2023 Sep-Oct;14(5):100738. doi: 10.1016/j.jaim.2023.100738. Epub 2023 Jun 26.","Rastogi S","J Ayurveda Integr Med","2023","2023/06/28","PMC10692364","","10.1016/j.jaim.2023.100738"
"12244881","[Boswellic acids (components of frankincense) as the active principle in treatment of chronic inflammatory diseases]","Ammon HP.","Wien Med Wochenschr. 2002;152(15-16):373-8. doi: 10.1046/j.1563-258x.2002.02056.x.","Ammon HP","Wien Med Wochenschr","2002","2002/09/25","","","10.1046/j.1563-258x.2002.02056.x"
"24188460","Evaluation of anti-inflammatory effect of Withania somnifera root on collagen-induced arthritis in rats","Gupta A, Singh S.","Pharm Biol. 2014 Mar;52(3):308-20. doi: 10.3109/13880209.2013.835325. Epub 2013 Nov 5.","Gupta A","Pharm Biol","2014","2013/11/06","","","10.3109/13880209.2013.835325"
"29526468","Long term effectiveness of RA-1 as a monotherapy and in combination with disease modifying anti-rheumatic drugs in the treatment of rheumatoid arthritis","Chopra A, Saluja M, Kianifard T, Chitre D, Venugopalan A.","J Ayurveda Integr Med. 2018 Jul-Sep;9(3):201-208. doi: 10.1016/j.jaim.2017.07.009. Epub 2018 Mar 9.","Chopra A","J Ayurveda Integr Med","2018","2018/03/13","PMC6148056","","10.1016/j.jaim.2017.07.009"
"21717043","Anti-inflammatory effect of Curcuma longa (turmeric) on collagen-induced arthritis: an anatomico-radiological study","Taty Anna K, Elvy Suhana MR, Das S, Faizah O, Hamzaini AH.","Clin Ter. 2011;162(3):201-7.","Taty Anna K","Clin Ter","2011","2011/07/01","","",""
"30390884","In the absence of specific advice, what do patients eat and avoid? Results from a community based diet study in patients suffering from rheumatoid arthritis (RA) with a focus on potassium","Kianifard T, Chopra A.","Clin Nutr ESPEN. 2018 Dec;28:214-221. doi: 10.1016/j.clnesp.2018.07.008. Epub 2018 Aug 14.","Kianifard T","Clin Nutr ESPEN","2018","2018/11/05","","","10.1016/j.clnesp.2018.07.008"
"27473605","The Ayurvedic plant Bacopa monnieri inhibits inflammatory pathways in the brain","Nemetchek MD, Stierle AA, Stierle DB, Lurie DI.","J Ethnopharmacol. 2017 Feb 2;197:92-100. doi: 10.1016/j.jep.2016.07.073. Epub 2016 Jul 26.","Nemetchek MD","J Ethnopharmacol","2017","2016/07/31","PMC5269610","NIHMS807703","10.1016/j.jep.2016.07.073"
"22160928","Therapeutic effect of Withania somnifera on pristane-induced model of SLE","Minhas U, Minz R, Das P, Bhatnagar A.","Inflammopharmacology. 2012 Aug;20(4):195-205. doi: 10.1007/s10787-011-0102-8. Epub 2011 Dec 13.","Minhas U","Inflammopharmacology","2012","2011/12/14","","","10.1007/s10787-011-0102-8"
"26834431","Effect of electro-acupuncture, massage, mud, and sauna therapies in patient with rheumatoid arthritis","Shetty GB, Mooventhan A, Anagha N.","J Ayurveda Integr Med. 2015 Oct-Dec;6(4):295-9. doi: 10.4103/0975-9476.172415.","Shetty GB","J Ayurveda Integr Med","2015","2016/02/03","PMC4719492","","10.4103/0975-9476.172415"
"36577508","Quantitative assessment of antioxidant potential of selected homeopathic preparations in clinical practice","Kumar A, Prajapati S, Sharma M, Singh T, Choudhary N, Bharti AC, Sharma R, Gupta P.","Drug Metab Pers Ther. 2022 Dec 29;38(2):179-190. doi: 10.1515/dmpt-2022-0169. eCollection 2023 Jun 1.","Kumar A","Drug Metab Pers Ther","2022","2022/12/28","","","10.1515/dmpt-2022-0169"
"11709110","Erosive osteoarthritis: presentation, clinical pearls, and therapy","Ehrlich GE.","Curr Rheumatol Rep. 2001 Dec;3(6):484-8. doi: 10.1007/s11926-001-0062-x.","Ehrlich GE","Curr Rheumatol Rep","2001","2001/11/16","","","10.1007/s11926-001-0062-x"
"21120596","Anti-inflammatory and anti-oxidant properties of Curcuma longa (turmeric) versus Zingiber officinale (ginger) rhizomes in rat adjuvant-induced arthritis","Ramadan G, Al-Kahtani MA, El-Sayed WM.","Inflammation. 2011 Aug;34(4):291-301. doi: 10.1007/s10753-010-9278-0.","Ramadan G","Inflammation","2011","2010/12/02","","","10.1007/s10753-010-9278-0"
"19594223","Anti-inflammatory properties of curcumin, a major constituent of Curcuma longa: a review of preclinical and clinical research","Jurenka JS.","Altern Med Rev. 2009 Jun;14(2):141-53.","Jurenka JS","Altern Med Rev","2009","2009/07/15","","",""
"19216559","Comparative effects of two gingerol-containing Zingiber officinale extracts on experimental rheumatoid arthritis","Funk JL, Frye JB, Oyarzo JN, Timmermann BN.","J Nat Prod. 2009 Mar 27;72(3):403-7. doi: 10.1021/np8006183.","Funk JL","J Nat Prod","2009","2009/02/17","PMC2837120","NIHMS140477","10.1021/np8006183"
"20736391","Well controlled, double-blind, placebo-controlled trials of classical Ayurvedic treatment are possible in rheumatoid arthritis","Furst DE, Venkatraman MM, Krishna Swamy BG, McGann M, Booth-Laforce C, Ram Manohar P, Sarin R, Mahapatra A, Krishna Kumar PR.","Ann Rheum Dis. 2011 Feb;70(2):392-3. doi: 10.1136/ard.2010.136226. Epub 2010 Aug 24.","Furst DE","Ann Rheum Dis","2011","2010/08/26","","","10.1136/ard.2010.136226"
"19825384","Anti-arthritic activity of Indian monocellate cobra (Naja kaouthia) venom on adjuvant induced arthritis","Gomes A, Bhattacharya S, Chakraborty M, Bhattacharjee P, Mishra R, Gomes A.","Toxicon. 2010 Feb-Mar;55(2-3):670-3. doi: 10.1016/j.toxicon.2009.10.007. Epub 2009 Oct 13.","Gomes A","Toxicon","2010","2009/10/15","","","10.1016/j.toxicon.2009.10.007"
"38234264","Boldine: a narrative review of the bioactive compound with versatile biological and pharmacological potential","Lamba D, Dwivedi DK, Yadav M, Kumar Yr S.","J Complement Integr Med. 2024 Jan 19. doi: 10.1515/jcim-2023-0224. Online ahead of print.","Lamba D","J Complement Integr Med","2024","2024/01/18","","","10.1515/jcim-2023-0224"
"27127317","Effect of ethanol extract of an ayurvedic preparation (Pathyadya Churna) on arthritis in rats","Patel MG, Pundarikakshudu K.","Indian J Pharmacol. 2016 Mar-Apr;48(2):145-9. doi: 10.4103/0253-7613.178828.","Patel MG","Indian J Pharmacol","2016","2016/04/30","PMC4825430","","10.4103/0253-7613.178828"
"22408298","Clinical evaluation of Vardhamana Pippali Rasayana in the management of Amavata (Rheumatoid Arthritis)","Soni A, Patel K, Gupta SN.","Ayu. 2011 Apr;32(2):177-80. doi: 10.4103/0974-8520.92555.","Soni A","Ayu","2011","2012/03/13","PMC3296336","","10.4103/0974-8520.92555"
"23741163","A case discussion on presbyacusis","Angadi SS, Kotrannavar VS.","J Ayurveda Integr Med. 2013 Jan;4(1):48-51. doi: 10.4103/0975-9476.109555.","Angadi SS","J Ayurveda Integr Med","2013","2013/06/07","PMC3667435","","10.4103/0975-9476.109555"
"27122121","Treatment of rheumatoid arthritis (RA) in India-how and by whom: results from a speciality clinic-use of low-dose methotrexate (MTX) was inexplicably suboptimal","Malaviya AN, Gogia SB.","Clin Rheumatol. 2016 Sep;35(9):2163-73. doi: 10.1007/s10067-016-3283-0. Epub 2016 Apr 28.","Malaviya AN","Clin Rheumatol","2016","2016/04/29","","","10.1007/s10067-016-3283-0"
"31333447","Anti-Inflammatory and Anti-Arthritic Efficacies of an Indian Traditional Herbo-Mineral Medicine ""Divya Amvatari Ras"" in Collagen Antibody-Induced Arthritis (CAIA) Mouse Model Through Modulation of IL-6/IL-1β/TNF-α/NFκB Signaling","Balkrishna A, Sakat SS, Joshi K, Paudel S, Joshi D, Joshi K, Ranjan R, Gupta A, Bhattacharya K, Varshney A.","Front Pharmacol. 2019 Jul 1;10:659. doi: 10.3389/fphar.2019.00659. eCollection 2019.","Balkrishna A","Front Pharmacol","2019","2019/07/24","PMC6614787","","10.3389/fphar.2019.00659"
"27774424","Anti-arthritic activity of a classical Ayurvedic formulation Vatari Guggulu in rats","Patel MG, Pundarikakshudu K.","J Tradit Complement Med. 2015 Sep 4;6(4):389-394. doi: 10.1016/j.jtcme.2015.08.007. eCollection 2016 Oct.","Patel MG","J Tradit Complement Med","2015","2016/10/25","PMC5067862","","10.1016/j.jtcme.2015.08.007"
"16170979","Therapeutic uses of Ocimum sanctum Linn (Tulsi) with a note on eugenol and its pharmacological actions: a short review","Prakash P, Gupta N.","Indian J Physiol Pharmacol. 2005 Apr;49(2):125-31.","Prakash P","Indian J Physiol Pharmacol","2005","2005/09/21","","",""
"22131727","Clinical efficacy of Rasona Pinda in the management of Amavata (rheumatoid arthritis)","Singh JP, Antiwal M, Vaibhav A, Tripathi JS, Tiwari SK.","Ayu. 2010 Jul;31(3):280-6. doi: 10.4103/0974-8520.77149.","Singh JP","Ayu","2010","2011/12/02","PMC3221059","","10.4103/0974-8520.77149"
"35082099","Morbidity profile of patients attended Siddha Regional Research Institute, Puducherry in 2017-A cross-sectional study","Balasubramanian C, Shenbagaraj S, Muthappan S, Alagusolaiyan L, Arumugam RK.","J Ayurveda Integr Med. 2022 Apr-Jun;13(2):100507. doi: 10.1016/j.jaim.2021.07.022. Epub 2022 Jan 23.","Balasubramanian C","J Ayurveda Integr Med","2022","2022/01/27","PMC8814397","","10.1016/j.jaim.2021.07.022"
"23049851","Potential of ayurgenomics approach in complex trait research: leads from a pilot study on rheumatoid arthritis","Juyal RC, Negi S, Wakhode P, Bhat S, Bhat B, Thelma BK.","PLoS One. 2012;7(9):e45752. doi: 10.1371/journal.pone.0045752. Epub 2012 Sep 26.","Juyal RC","PLoS One","2012","2012/10/11","PMC3458907","","10.1371/journal.pone.0045752"
"23049184","Effect of kshara basti and nirgundi ghana vati on amavata (rheumatoid arthritis)","Thanki K, Bhatt N, Shukla VD.","Ayu. 2012 Jan;33(1):50-3. doi: 10.4103/0974-8520.100310.","Thanki K","Ayu","2012","2012/10/11","PMC3456864","","10.4103/0974-8520.100310"
"24613207","Polyphenolics isolated from virgin coconut oil inhibits adjuvant induced arthritis in rats through antioxidant and anti-inflammatory action","Vysakh A, Ratheesh M, Rajmohanan TP, Pramod C, Premlal S, Girish kumar B, Sibi PI.","Int Immunopharmacol. 2014 May;20(1):124-30. doi: 10.1016/j.intimp.2014.02.026. Epub 2014 Mar 6.","Vysakh A","Int Immunopharmacol","2014","2014/03/12","","","10.1016/j.intimp.2014.02.026"
"23798888","Anti-arthritic activity of root bark of Oroxylum indicum (L.) vent against adjuvant-induced arthritis","Karnati M, Chandra RH, Veeresham C, Kishan B.","Pharmacognosy Res. 2013 Apr;5(2):121-8. doi: 10.4103/0974-8490.110543.","Karnati M","Pharmacognosy Res","2013","2013/06/27","PMC3685761","","10.4103/0974-8490.110543"
"21547046","Health traditions of Sikkim Himalaya","Panda AK, Misra S.","J Ayurveda Integr Med. 2010 Jul;1(3):183-9. doi: 10.4103/0975-9476.72617.","Panda AK","J Ayurveda Integr Med","2010","2011/05/07","PMC3087370","","10.4103/0975-9476.72617"
"27313425","Anticancer activity of Arkeshwara Rasa - A herbo-metallic preparation","Nafiujjaman M, Nurunnabi M, Saha SK, Jahan R, Lee YK, Rahmatullah M.","Ayu. 2015 Jul-Sep;36(3):346-50. doi: 10.4103/0974-8520.182757.","Nafiujjaman M","Ayu","2015","2016/06/18","PMC4895765","","10.4103/0974-8520.182757"
"16387689","Curcumin: getting back to the roots","Shishodia S, Sethi G, Aggarwal BB.","Ann N Y Acad Sci. 2005 Nov;1056:206-17. doi: 10.1196/annals.1352.010.","Shishodia S","Ann N Y Acad Sci","2005","2006/01/03","","","10.1196/annals.1352.010"
"21897637","The efficacy of Ayurvedic treatment for rheumatoid arthritis: Cross-sectional experiential profile of a longitudinal study","Krishna KP.","Int J Ayurveda Res. 2011 Jan;2(1):8-13. doi: 10.4103/0974-7788.83177.","Krishna KP","Int J Ayurveda Res","2011","2011/09/08","PMC3157120","","10.4103/0974-7788.83177"
"3669687","Anti-inflammatory studies on Polygonum glabrum","Singh B, Pandey VB, Joshi VK, Gambhir SS.","J Ethnopharmacol. 1987 May;19(3):255-67. doi: 10.1016/0378-8741(87)90003-1.","Singh B","J Ethnopharmacol","1987","1987/05/01","","","10.1016/0378-8741(87)90003-1"
"16824715","Immunomodulatory activity of Semecarpus anacardium extract in mononuclear cells of normal individuals and rheumatoid arthritis patients","Singh D, Aggarwal A, Mathias A, Naik S.","J Ethnopharmacol. 2006 Dec 6;108(3):398-406. doi: 10.1016/j.jep.2006.05.028. Epub 2006 Jun 2.","Singh D","J Ethnopharmacol","2006","2006/07/11","","","10.1016/j.jep.2006.05.028"
"25289531","The anti-inflammatory effect of triphala in arthritic-induced rats","Kalaiselvan S, Rasool MK.","Pharm Biol. 2015 Jan;53(1):51-60. doi: 10.3109/13880209.2014.910237. Epub 2014 Oct 7.","Kalaiselvan S","Pharm Biol","2015","2014/10/08","","","10.3109/13880209.2014.910237"
"2345464","Antiulcerogenic and antiinflammatory studies with shilajit","Goel RK, Banerjee RS, Acharya SB.","J Ethnopharmacol. 1990 Apr;29(1):95-103. doi: 10.1016/0378-8741(90)90102-y.","Goel RK","J Ethnopharmacol","1990","1990/04/01","","","10.1016/0378-8741(90)90102-y"
"2501634","Ginger (Zingiber officinale) and rheumatic disorders","Srivastava KC, Mustafa T.","Med Hypotheses. 1989 May;29(1):25-8. doi: 10.1016/0306-9877(89)90162-x.","Srivastava KC","Med Hypotheses","1989","1989/05/01","","","10.1016/0306-9877(89)90162-x"
"22556663","Some clinical observations on acne vulgaris","Karnick CR.","Anc Sci Life. 1994 Jan;13(3-4):286-92.","Karnick CR","Anc Sci Life","1994","2012/05/05","PMC3336522","",""
"12473325","Concepts of arthritis in India's medical traditions: Ayurvedic and Unani perspectives","Pugh JF.","Soc Sci Med. 2003 Jan;56(2):415-24. doi: 10.1016/s0277-9536(02)00049-7.","Pugh JF","Soc Sci Med","2003","2002/12/11","","","10.1016/s0277-9536(02)00049-7"
"22131737","Clinical effect of Matra Basti and Vatari Guggulu in the management of Amavata (rheumatoid arthritis)","Khagram R, Mehta CS, Shukla VD, Dave AR.","Ayu. 2010 Jul;31(3):343-50. doi: 10.4103/0974-8520.77167.","Khagram R","Ayu","2010","2011/12/02","PMC3221069","","10.4103/0974-8520.77167"
"25857501","Efficacy & safety evaluation of Ayurvedic treatment (Ashwagandha powder & Sidh Makardhwaj) in rheumatoid arthritis patients: a pilot prospective study","Kumar G, Srivastava A, Sharma SK, Rao TD, Gupta YK.","Indian J Med Res. 2015 Jan;141(1):100-6. doi: 10.4103/0971-5916.154510.","Kumar G","Indian J Med Res","2015","2015/04/11","PMC4405924","","10.4103/0971-5916.154510"
"24010059","Knowledge, attitude, and practices toward ayurvedic medicine use among allopathic resident doctors: A cross-sectional study at a tertiary care hospital in India","Gawde SR, Shetty YC, Pawar DB.","Perspect Clin Res. 2013 Jul;4(3):175-80. doi: 10.4103/2229-3485.115380.","Gawde SR","Perspect Clin Res","2013","2013/09/07","PMC3757582","","10.4103/2229-3485.115380"
"36840884","In vitro and in vivo anti-inflammatory and anti-arthritic effect of Tinospora cordifolia via modulation of JAK/STAT pathway","George G, Shyni GL, Mohan S, Abraham B, Nisha P, Ranjith S, Rajankutty K, Raghu KG.","Inflammopharmacology. 2023 Apr;31(2):1009-1025. doi: 10.1007/s10787-023-01155-7. Epub 2023 Feb 25.","George G","Inflammopharmacology","2023","2023/02/25","","","10.1007/s10787-023-01155-7"
"17533629","Antiinflammatory effect of the Indian Ayurvedic herbal formulation Triphala on adjuvant-induced arthritis in mice","Rasool M, Sabina EP.","Phytother Res. 2007 Sep;21(9):889-94. doi: 10.1002/ptr.2183.","Rasool M","Phytother Res","2007","2007/05/30","","","10.1002/ptr.2183"
"28850308","A Novel Highly Bioavailable Curcumin Formulation Improves Symptoms and Diagnostic Indicators in Rheumatoid Arthritis Patients: A Randomized, Double-Blind, Placebo-Controlled, Two-Dose, Three-Arm, and Parallel-Group Study","Amalraj A, Varma K, Jacob J, Divya C, Kunnumakkara AB, Stohs SJ, Gopi S.","J Med Food. 2017 Oct;20(10):1022-1030. doi: 10.1089/jmf.2017.3930. Epub 2017 Aug 29.","Amalraj A","J Med Food","2017","2017/08/30","","","10.1089/jmf.2017.3930"
"12038653","Complementary and alternative drug therapy in arthritis","Chandrashekara S, Anilkumar T, Jamuna S.","J Assoc Physicians India. 2002 Feb;50:225-7.","Chandrashekara S","J Assoc Physicians India","2002","2002/06/01","","",""
"37664699","Targeting NF-κB pathway for the anti-inflammatory potential of Bhadradarvadi kashayam on stimulated RAW 264.7 macrophages","Ali A M MT, Narayana S DS, Lulu S S, Nag S, Sundararajan V.","Heliyon. 2023 Aug 19;9(8):e19270. doi: 10.1016/j.heliyon.2023.e19270. eCollection 2023 Aug.","Ali A M MT","Heliyon","2023","2023/09/04","PMC10469766","","10.1016/j.heliyon.2023.e19270"
"29200748","Clinical evaluation of efficacy of Alambushadi Ghana Vati and Vaitarana Basti in the management of Amavata with special reference to rheumatoid arthritis","Sasane P, Saroj UR, Joshi RK.","Ayu. 2016 Apr-Jun;37(2):105-112. doi: 10.4103/ayu.AYU_91_15.","Sasane P","Ayu","2016","2017/12/05","PMC5688832","","10.4103/ayu.AYU_91_15"
"36117501","Evaluation of anti-inflammatory and anti-arthritic property of ethanolic extract of Clitoria ternatea","Swathi KP, Jayaram S, Sugumar D, Rymbai E.","Chin Herb Med. 2020 Dec 1;13(2):243-249. doi: 10.1016/j.chmed.2020.11.004. eCollection 2021 Apr.","Swathi KP","Chin Herb Med","2020","2022/09/19","PMC9476680","","10.1016/j.chmed.2020.11.004"
"36919259","Exploratory quasi-experimental study of anti-arthritic activity of Ayurvedic polyherbal formulation, Abha Guggulu in osteoarthritis patients","Hedaoo M, Patil-Bhole T, Sharma R, Mahajan M.","Drug Metab Pers Ther. 2023 Mar 16;38(3):281-288. doi: 10.1515/dmpt-2022-0187. eCollection 2023 Sep 1.","Hedaoo M","Drug Metab Pers Ther","2023","2023/03/15","","","10.1515/dmpt-2022-0187"
"26640527","Biological and therapeutic activities, and anticancer properties of curcumin","Perrone D, Ardito F, Giannatempo G, Dioguardi M, Troiano G, Lo Russo L, DE Lillo A, Laino L, Lo Muzio L.","Exp Ther Med. 2015 Nov;10(5):1615-1623. doi: 10.3892/etm.2015.2749. Epub 2015 Sep 17.","Perrone D","Exp Ther Med","2015","2015/12/08","PMC4665301","","10.3892/etm.2015.2749"
"27457696","Sameerpannag Ras Mixture (SRM) improved neurobehavioral deficits following acute ischemic stroke by attenuating neuroinflammatory response","Jhelum P, Wahul AB, Kamle A, Kumawat S, Kumar A, Bhutani KK, Tripathi SM, Chakravarty S.","J Ethnopharmacol. 2017 Feb 2;197:147-156. doi: 10.1016/j.jep.2016.07.059. Epub 2016 Jul 22.","Jhelum P","J Ethnopharmacol","2017","2016/07/27","","","10.1016/j.jep.2016.07.059"
"25689950","Evaluation of anti-inflammatory, anti-nociceptive, and anti-arthritic activities of Indian Apis dorsata bee venom in experimental animals: biochemical, histological, and radiological assessment","Nipate SS, Hurali PB, Ghaisas MM.","Immunopharmacol Immunotoxicol. 2015 Apr;37(2):171-84. doi: 10.3109/08923973.2015.1009996. Epub 2015 Feb 18.","Nipate SS","Immunopharmacol Immunotoxicol","2015","2015/02/19","","","10.3109/08923973.2015.1009996"
"20506686","Effect of ethanolic extract of Premna corymbosa (Burm. f.) Rottl. & Willd. leaves in complete Freund's adjuvant-induced arthritis in Wistar albino rats","Karthikeyan M, Deepa K.","J Basic Clin Physiol Pharmacol. 2010;21(1):15-26. doi: 10.1515/jbcpp.2010.21.1.15.","Karthikeyan M","J Basic Clin Physiol Pharmacol","2010","2010/05/29","","","10.1515/jbcpp.2010.21.1.15"
"27878500","Anti-inflammatory and antioxidant effect of Kerabala: a value-added ayurvedic formulation from virgin coconut oil inhibits pathogenesis in adjuvant-induced arthritis","Ratheesh M, Sandya S, Pramod C, Asha S, Svenia JP, Premlal S, GrishKumar B.","Inflammopharmacology. 2017 Feb;25(1):41-53. doi: 10.1007/s10787-016-0298-8. Epub 2016 Nov 22.","Ratheesh M","Inflammopharmacology","2017","2016/11/24","","","10.1007/s10787-016-0298-8"
"11025145","Immunomodulatory and anti-inflammatory activity of Picrorhiza scrophulariiflora","Smit HF, Kroes BH, van den Berg AJ, van der Wal D, van den Worm E, Beukelman CJ, van Dijk H, Labadie RP.","J Ethnopharmacol. 2000 Nov;73(1-2):101-9. doi: 10.1016/s0378-8741(00)00268-3.","Smit HF","J Ethnopharmacol","2000","2000/10/12","","","10.1016/s0378-8741(00)00268-3"
"33878416","Curculigoside attenuates oxidative stress and osteoclastogenesis via modulating Nrf2/NF-κB signaling pathway in RAW264.7 cells","Liu M, Liu S, Zhang Q, Fang Y, Yu Y, Zhu L, Liu Y, Gong W, Zhao L, Qin L, Zhang Q.","J Ethnopharmacol. 2021 Jul 15;275:114129. doi: 10.1016/j.jep.2021.114129. Epub 2021 Apr 18.","Liu M","J Ethnopharmacol","2021","2021/04/20","","","10.1016/j.jep.2021.114129"
"38622289","Exploring the immunomodulatory potential of Brahmi (Bacopa monnieri) in the treatment of invasive ductal carcinoma","Roy S, Shanmugam G, Rakshit S, Pradeep R, George M, Sarkar K.","Med Oncol. 2024 Apr 15;41(5):115. doi: 10.1007/s12032-024-02365-x.","Roy S","Med Oncol","2024","2024/04/15","","","10.1007/s12032-024-02365-x"
"11411037","Semecarpus anacardium Linn. nuts--a boon in alternative medicine","Premalatha B.","Indian J Exp Biol. 2000 Dec;38(12):1177-82.","Premalatha B","Indian J Exp Biol","2000","2001/06/20","","",""
"27590732","Inventorization of some ayurvedic plants and their ethnomedicinal use in Kakrajhore forest area of West Bengal","Biswas S, Shaw R, Bala S, Mazumdar A.","J Ethnopharmacol. 2017 Feb 2;197:231-241. doi: 10.1016/j.jep.2016.08.014. Epub 2016 Aug 30.","Biswas S","J Ethnopharmacol","2017","2016/09/04","","","10.1016/j.jep.2016.08.014"
"39218128","Evaluation of Anti-arthritic and in-vitro Anti-inflammatory activity of Vaisvanara Churna","Ilavarasan R, Arunadevi R, Kusuma G, Gaidhani SN, Thenmozhi M, Manikandan N.","J Ethnopharmacol. 2024 Aug 31;337(Pt 1):118774. doi: 10.1016/j.jep.2024.118774. Online ahead of print.","Ilavarasan R","J Ethnopharmacol","2024","2024/09/01","","","10.1016/j.jep.2024.118774"
"2747250","Studies on the mechanism of action of Semecarpus anacardium in rheumatoid arthritis","Saraf MN, Ghooi RB, Patwardhan BK.","J Ethnopharmacol. 1989 Apr;25(2):159-64. doi: 10.1016/0378-8741(89)90017-2.","Saraf MN","J Ethnopharmacol","1989","1989/04/01","","","10.1016/0378-8741(89)90017-2"
"23930040","Evaluation of anti-inflammatory potential of the multidrug herbomineral formulation in male Wistar rats against rheumatoid arthritis","Patel SS, Shah PV.","J Ayurveda Integr Med. 2013 Apr;4(2):86-93. doi: 10.4103/0975-9476.113869.","Patel SS","J Ayurveda Integr Med","2013","2013/08/10","PMC3737452","","10.4103/0975-9476.113869"
"28669703","Design and development of Unani anti-inflammatory cream","Fatima S, Zaman R, Haider N, Shamsi S, Alam A.","J Ayurveda Integr Med. 2017 Jul-Sep;8(3):140-144. doi: 10.1016/j.jaim.2017.03.002. Epub 2017 Jun 29.","Fatima S","J Ayurveda Integr Med","2017","2017/07/04","PMC5607395","","10.1016/j.jaim.2017.03.002"
"33321204","Pan-genomics, drug candidate mining and ADMET profiling of natural product inhibitors screened against Yersinia pseudotuberculosis","Basharat Z, Jahanzaib M, Yasmin A, Khan IA.","Genomics. 2021 Jan;113(1 Pt 1):238-244. doi: 10.1016/j.ygeno.2020.12.015. Epub 2020 Dec 13.","Basharat Z","Genomics","2021","2020/12/15","","","10.1016/j.ygeno.2020.12.015"
"18644427","Preliminary study on crystal dissolution activity of Rotula aquatica, Commiphora wightii and Boerhaavia diffusa extracts","Raut AA, Sunder S, Sarkar S, Pandita NS, Vaidya AD.","Fitoterapia. 2008 Dec;79(7-8):544-7. doi: 10.1016/j.fitote.2008.06.001. Epub 2008 Jul 1.","Raut AA","Fitoterapia","2008","2008/07/23","","","10.1016/j.fitote.2008.06.001"
"36415006","Efficacy and safety of Sri Lankan traditional medicine regimen for knee osteoarthritis: study protocol for an open-label, active comparator, randomized controlled trial","De Silva H, Perera PK, Jayasinghe S, De Silva Weliange S.","Trials. 2022 Nov 22;23(1):955. doi: 10.1186/s13063-022-06903-8.","De Silva H","Trials","2022","2022/11/22","PMC9682721","","10.1186/s13063-022-06903-8"
"35152549","Standardization and validation of phytometabolites by UHPLC and high-performance thin layer chromatography for rapid quality assessment of ancient ayurvedic medicine, Mahayograj Guggul","Balkrishna A, Tomer M, Joshi M, Gujral S, Kumar Mishra R, Srivastava J, Varshney A.","J Sep Sci. 2022 May;45(10):1616-1635. doi: 10.1002/jssc.202100935. Epub 2022 Feb 25.","Balkrishna A","J Sep Sci","2022","2022/02/13","","","10.1002/jssc.202100935"
"33906452","Physicochemical Variation in Nanogold-Based Ayurved Medicine Suvarna Bhasma Produced by Various Manufacturers Lead to Different In Vivo Bioaccumulation Profiles","Biswas S, Chawda M, Thakur K, Gudi R, Bellare J.","J Evid Based Integr Med. 2021 Jan-Dec;26:2515690X211011064. doi: 10.1177/2515690X211011064.","Biswas S","J Evid Based Integr Med","2021","2021/04/28","PMC8743929","","10.1177/2515690X211011064"
"26862275","Anti-arthritic Activity of Dashanga Ghana (An Ayurvedic Compound Formulation) Against Freund's Adjuvant Induced Arthritis in Charles Foster Albino Rats","Ruknuddin G, Patgiri BJ, Prajapati PK, Ashok BK, Ravishankar B.","Toxicol Int. 2015 Jan-Apr;22(1):141-6. doi: 10.4103/0971-6580.172279.","Ruknuddin G","Toxicol Int","2015","2016/02/11","PMC4721162","","10.4103/0971-6580.172279"
"27297511","Ayurvedic approach for management of ankylosing spondylitis: A case report","Singh SK, Rajoria K.","J Ayurveda Integr Med. 2016 Mar;7(1):53-6. doi: 10.1016/j.jaim.2015.10.002. Epub 2016 May 24.","Singh SK","J Ayurveda Integr Med","2016","2016/06/15","PMC4910574","","10.1016/j.jaim.2015.10.002"
"30653338","Reliability of Ayurvedic Diagnosis for Knee Osteoarthritis Patients: A Nested Diagnostic Study Within a Randomized Controlled Trial","Kessler CS, Morandi A, Kumar A, Dhiman KS, Gupta S, Icke K, Bühner C, Stapelfeldt E, Wischnewsky M, Kronpaß L, Murthy V, Michalsen A, Witt CM.","J Altern Complement Med. 2019 Sep;25(9):910-919. doi: 10.1089/acm.2018.0273. Epub 2019 Jan 17.","Kessler CS","J Altern Complement Med","2019","2019/01/18","PMC6748397","","10.1089/acm.2018.0273"
"12038652","Non-allopathic systems of medicine--time to reflect and act","Gaitonde S, Joshi VR.","J Assoc Physicians India. 2002 Feb;50:223-4.","Gaitonde S","J Assoc Physicians India","2002","2002/06/01","","",""
"38655097","Health and demographic indicators of selected districts of India: An impact of Swasthya Rakshan Programme (SRP)","Sharma VK, Mahajon B, Jain AK, Singh R, Rana R, Makhija P, Srikanth N, Dhiman KS.","J Public Health Res. 2024 Apr 22;13(2):22799036241243272. doi: 10.1177/22799036241243272. eCollection 2024 Apr.","Sharma VK","J Public Health Res","2024","2024/04/24","PMC11036932","","10.1177/22799036241243272"
"36647352","Anti-inflammatory effect and signaling mechanism of 8-shogaol and 10-shogaol in a dextran sodium sulfate-induced colitis mouse model","Kim HR, Noh EM, Kim SY.","Heliyon. 2023 Jan 5;9(1):e12778. doi: 10.1016/j.heliyon.2022.e12778. eCollection 2023 Jan.","Kim HR","Heliyon","2023","2023/01/17","PMC9840358","","10.1016/j.heliyon.2022.e12778"
"36462347","Idiosyncratic adversity reported after oral consumption of an ayurvedic formulation containing bhallataka (Semecarpus anacardium): A case report","Rastogi S, Pandey P.","J Ayurveda Integr Med. 2022 Oct-Dec;13(4):100635. doi: 10.1016/j.jaim.2022.100635. Epub 2022 Nov 30.","Rastogi S","J Ayurveda Integr Med","2022","2022/12/03","PMC9713265","","10.1016/j.jaim.2022.100635"
"22529679","Evaluating higher doses of Shunthi - Guduchi formulations for safety in treatment of osteoarthritis knees: A Government of India NMITLI arthritis project","Chopra A, Saluja M, Tillu G, Venugopalan A, Narsimulu G, Sarmukaddam S, Patwardhan B.","J Ayurveda Integr Med. 2012 Jan;3(1):38-44. doi: 10.4103/0975-9476.93948.","Chopra A","J Ayurveda Integr Med","2012","2012/04/25","PMC3326794","","10.4103/0975-9476.93948"
"22537486","Anti-proliferative effects of Salacia reticulata leaves hot-water extract on interleukin-1β-activated cells derived from the synovium of rheumatoid arthritis model mice","Sekiguchi Y, Mano H, Nakatani S, Shimizu J, Kobata K, Wada M.","BMC Res Notes. 2012 Apr 26;5:198. doi: 10.1186/1756-0500-5-198.","Sekiguchi Y","BMC Res Notes","2012","2012/04/28","PMC3441245","","10.1186/1756-0500-5-198"
"25878458","Experimental evaluation of analgesic, anti-inflammatory and anti-platelet potential of Dashamoola","Parekar RR, Bolegave SS, Marathe PA, Rege NN.","J Ayurveda Integr Med. 2015 Jan-Mar;6(1):11-8. doi: 10.4103/0975-9476.146565.","Parekar RR","J Ayurveda Integr Med","2015","2015/04/17","PMC4395922","","10.4103/0975-9476.146565"
"32015952","Antidiabetic activity of standardized dried tubers extract of Aconitum napellus in streptozotocin-induced diabetic rats","Shoaib A, Salem-Bekhit MM, Siddiqui HH, Dixit RK, Bayomi M, Khalid M, Badruddeen, Shakeel F.","3 Biotech. 2020 Feb;10(2):56. doi: 10.1007/s13205-019-2043-7. Epub 2020 Jan 22.","Shoaib A","3 Biotech","2020","2020/02/05","PMC6975818","","10.1007/s13205-019-2043-7"
"23669808","Complementary and alternative medicine and conventional medicine: hand in hand","Jadhav PM, Jadhav MP.","J Clin Rheumatol. 2013 Jun;19(4):227. doi: 10.1097/RHU.0b013e318293de6e.","Jadhav PM","J Clin Rheumatol","2013","2013/05/15","","","10.1097/RHU.0b013e318293de6e"
"23054487","Tricin 4'-O-(erythro-β-guaiacylglyceryl) ether and tricin 4'-O-(threo-β-guaiacylglyceryl) ether isolated from Njavara (Oryza sativa L. var. Njavara), induce apoptosis in multiple tumor cells by mitochondrial pathway","Mohanlal S, Maney SK, Santhoshkumar TR, Jayalekshmy A.","J Nat Med. 2013 Jul;67(3):528-33. doi: 10.1007/s11418-012-0710-7. Epub 2012 Oct 9.","Mohanlal S","J Nat Med","2013","2012/10/12","","","10.1007/s11418-012-0710-7"
"38554318","Cytotoxic effect of Rotheca serrata on cancer cell lines MCF-7 and neuroblastoma SH-SY5Y","Gadade JP, Patil SA.","J Cancer Res Ther. 2024 Jan 1;20(1):181-188. doi: 10.4103/jcrt.jcrt_1325_22. Epub 2023 Apr 8.","Gadade JP","J Cancer Res Ther","2024","2024/03/30","","","10.4103/jcrt.jcrt_1325_22"
"24501528","Anti-inflammatory effect of Chandrashura (Lepidium sativum Linn.) an experimental study","Raval ND, Ravishankar B, Ashok BK.","Ayu. 2013 Jul;34(3):302-4. doi: 10.4103/0974-8520.123132.","Raval ND","Ayu","2013","2014/02/07","PMC3902599","","10.4103/0974-8520.123132"
"37243678","Immunomodulatory potential of bioactive glycoside syringin: a network pharmacology and molecular modeling approach","Singh VK, Thakur DC, Rajak N, Giri R, Garg N.","J Biomol Struct Dyn. 2024 May;42(8):3906-3919. doi: 10.1080/07391102.2023.2216299. Epub 2023 May 27.","Singh VK","J Biomol Struct Dyn","2024","2023/05/27","","","10.1080/07391102.2023.2216299"
"15516832","Withaferin A is a potent inhibitor of angiogenesis","Mohan R, Hammers HJ, Bargagna-Mohan P, Zhan XH, Herbstritt CJ, Ruiz A, Zhang L, Hanson AD, Conner BP, Rougas J, Pribluda VS.","Angiogenesis. 2004;7(2):115-22. doi: 10.1007/s10456-004-1026-3.","Mohan R","Angiogenesis","2004","2004/11/02","","","10.1007/s10456-004-1026-3"
"30660454","Scientific validation of anti-arthritic effect of Kashayams - A polyherbal formulation in collagen induced arthritic rats","I S A, Krishnan S, Peter J, Sabu V, Helen A.","J Ayurveda Integr Med. 2021 Jan-Mar;12(1):20-27. doi: 10.1016/j.jaim.2018.02.139. Epub 2019 Jan 17.","I S A","J Ayurveda Integr Med","2021","2019/01/21","PMC8039352","","10.1016/j.jaim.2018.02.139"
"20607614","Inhibition of pro-inflammatory mediators: role of Bacopa monniera (L.) Wettst","Viji V, Helen A.","Inflammopharmacology. 2011 Oct;19(5):283-91. doi: 10.1007/s10787-010-0046-4. Epub 2010 Jul 6.","Viji V","Inflammopharmacology","2011","2010/07/08","","","10.1007/s10787-010-0046-4"
"23741156","Anti-granuloma activity of Coriandrum sativum in experimental models","Nair V, Singh S, Gupta YK.","J Ayurveda Integr Med. 2013 Jan;4(1):13-8. doi: 10.4103/0975-9476.109544.","Nair V","J Ayurveda Integr Med","2013","2013/06/07","PMC3667427","","10.4103/0975-9476.109544"
"32980485","Chemotaxonomy of the ethnic antidote Aristolochia indica for aristolochic acid content: Implications of anti-phospholipase activity and genotoxicity study","Dey A, Hazra AK, Mukherjee A, Nandy S, Pandey DK.","J Ethnopharmacol. 2021 Feb 10;266:113416. doi: 10.1016/j.jep.2020.113416. Epub 2020 Sep 24.","Dey A","J Ethnopharmacol","2021","2020/09/27","","","10.1016/j.jep.2020.113416"
"33534783","Toxicity studies of a gum guggul extract formulation administered by gavage to Sprague Dawley (Hsd:Sprague Dawley SD) rats and B6C3F1/N mice","National Toxicology Program.","Toxic Rep Ser. 2020 Jun;(99):NTP-TOX-99. doi: 10.22427/NTP-TOX-99.","National Toxicology Program","Toxic Rep Ser","2020","2021/02/03","PMC8039874","","10.22427/NTP-TOX-99"
"30267971","Bioactivity-based analysis and chemical characterization of anti-inflammatory compounds from Curcuma zedoaria rhizomes using LPS-stimulated RAW264.7 cells","Lee TK, Trinh TA, Lee SR, Kim S, So HM, Moon E, Hwang GS, Kang KS, Kim JH, Yamabe N, Kim KH.","Bioorg Chem. 2019 Feb;82:26-32. doi: 10.1016/j.bioorg.2018.09.027. Epub 2018 Sep 20.","Lee TK","Bioorg Chem","2019","2018/09/30","","","10.1016/j.bioorg.2018.09.027"
"38505109","Evaluation of the anti-arthritic activity of Rhuflex-F - A proprietary Ayurvedic herbomineral formulation in albino rats","Gupta V, Panigrahi B, De S, Nariya MB.","Ayu. 2023 Jan-Mar;44(1):30-37. doi: 10.4103/ayu.ayu_327_21. Epub 2024 Feb 21.","Gupta V","Ayu","2023","2024/03/20","PMC10946666","","10.4103/ayu.ayu_327_21"
"21986230","Antiarthritic activity of various extracts of Mesua ferrea Linn. seed","Jalalpure SS, Mandavkar YD, Khalure PR, Shinde GS, Shelar PA, Shah AS.","J Ethnopharmacol. 2011 Dec 8;138(3):700-4. doi: 10.1016/j.jep.2011.09.042. Epub 2011 Oct 1.","Jalalpure SS","J Ethnopharmacol","2011","2011/10/12","","","10.1016/j.jep.2011.09.042"
"21731368","A traditional way of rice preparation with particular benefits for Arthritis and musculo-skeletal disorders","Kontum M.","J Ayurveda Integr Med. 2010 Oct;1(4):241-2. doi: 10.4103/0975-9476.74421.","Kontum M","J Ayurveda Integr Med","2010","2011/07/07","PMC3117313","","10.4103/0975-9476.74421"
"31730889","Physicochemical characterization of Suvarna Bhasma, its toxicity profiling in rat and behavioural assessment in zebrafish model","Biswas S, Dhumal R, Selkar N, Bhagat S, Chawda M, Thakur K, Gudi R, Vanage G, Bellare J.","J Ethnopharmacol. 2020 Mar 1;249:112388. doi: 10.1016/j.jep.2019.112388. Epub 2019 Nov 12.","Biswas S","J Ethnopharmacol","2020","2019/11/16","","","10.1016/j.jep.2019.112388"
"29395895","Amelioration of anti-hepatotoxic effect by Lichen rangiferinus against alcohol induced liver damage in rats","Shukla I, Azmi L, Gupta SS, Upreti DK, Rao CV.","J Ayurveda Integr Med. 2019 Jul-Sep;10(3):171-177. doi: 10.1016/j.jaim.2017.08.007. Epub 2018 Feb 1.","Shukla I","J Ayurveda Integr Med","2019","2018/02/04","PMC6822147","","10.1016/j.jaim.2017.08.007"
"10852255","Randomized double blind trial of an ayurvedic plant derived formulation for treatment of rheumatoid arthritis","Chopra A, Lavin P, Patwardhan B, Chitre D.","J Rheumatol. 2000 Jun;27(6):1365-72.","Chopra A","J Rheumatol","2000","2000/06/14","","",""
"29861524","Reduced synovial inflammation and inhibition of matrix metalloproteinases explicates anti-osteoarthritis activity of polyherbal formulations","Ingale DR, Kulkarni PG, Koppikar SJ, Harsulkar AM, Moghe AS, Jagtap SD.","Indian J Pharmacol. 2018 Jan-Feb;50(1):22-29. doi: 10.4103/ijp.IJP_29_17.","Ingale DR","Indian J Pharmacol","2018","2018/06/05","PMC5954629","","10.4103/ijp.IJP_29_17"
"28160761","Efficacy of an Ayurvedic Formulation for Mild-to-moderate Osteoarthritis: A Phase 3, Randomized Controlled Study","Modak MD, Barde MP.","Altern Ther Health Med. 2017 Jan;23(1):26-33.","Modak MD","Altern Ther Health Med","2017","2017/02/05","","",""
"18392103","Indian herbal medicines: possible potent therapeutic agents for rheumatoid arthritis","Rathore B, Ali Mahdi A, Nath Paul B, Narayan Saxena P, Kumar Das S.","J Clin Biochem Nutr. 2007 Jul;41(1):12-7. doi: 10.3164/jcbn.2007002.","Rathore B","J Clin Biochem Nutr","2007","2008/04/09","PMC2274991","","10.3164/jcbn.2007002"
"24176784","2013 SYR Accepted Poster Abstracts","","Int J Yoga Therap. 2013;23 Suppl:32-53.","","Int J Yoga Therap","2013","2013/11/02","","",""
"38986268","Exploration of leech therapy in treating gouty rats and its uric acid lowering mechanism","Chao GL, Shen LX, Li P, Hua PX, Ling ML, Yuan ZY, Chuang C.","J Ayurveda Integr Med. 2024 Jul-Aug;15(4):100949. doi: 10.1016/j.jaim.2024.100949. Epub 2024 Jul 9.","Chao GL","J Ayurveda Integr Med","2024","2024/07/10","PMC11295985","","10.1016/j.jaim.2024.100949"
"14740454","Agreement among Ayurvedic practitioners in the identification and treatment of three cases of inflammatory arthritis","Prlic HM, Lehman AJ, Cibere J, Sodhi V, Varma S, Sukumaran T, Esdaile JM.","Clin Exp Rheumatol. 2003 Nov-Dec;21(6):747-52.","Prlic HM","Clin Exp Rheumatol","2003","2004/01/27","","",""
"18254519","Complementary and alternative medicine use in rheumatoid arthritis: an audit of patients visiting a tertiary care centre","Zaman T, Agarwal S, Handa R.","Natl Med J India. 2007 Sep-Oct;20(5):236-9.","Zaman T","Natl Med J India","2007","2008/02/08","","",""
"31734448","Attenuation of adjuvant-induced arthrits by Stereospermum colais and Stereospermum suaveolens via modulation of inflammatory mediators","Latha S, Chamundeeswari D, Seethalakshmi S, Senthamarai R.","J Ethnopharmacol. 2020 Mar 1;249:112394. doi: 10.1016/j.jep.2019.112394. Epub 2019 Nov 14.","Latha S","J Ethnopharmacol","2020","2019/11/18","","","10.1016/j.jep.2019.112394"
"24459390","Comparative study of amrutbhallataka and glucosamine sulphate in osteoarthritis: Six months open label randomized controlled clinical trial","Raut A, Bichile L, Chopra A, Patwardhan B, Vaidya A.","J Ayurveda Integr Med. 2013 Oct;4(4):229-36. doi: 10.4103/0975-9476.123708.","Raut A","J Ayurveda Integr Med","2013","2014/01/25","PMC3891179","","10.4103/0975-9476.123708"
"33935441","Management of hypothyroidism by Kshara Basti (therapeutic enema)- A case report","Singh K, Rais A, Thakar AB.","Ayu. 2019 Oct-Dec;40(4):237-241. doi: 10.4103/ayu.AYU_297_18. Epub 2021 Jan 14.","Singh K","Ayu","2019","2021/05/03","PMC8078602","","10.4103/ayu.AYU_297_18"
"23559786","Medicinal and cosmetic uses of Bee's Honey - A review","Ediriweera ER, Premarathna NY.","Ayu. 2012 Apr;33(2):178-82. doi: 10.4103/0974-8520.105233.","Ediriweera ER","Ayu","2012","2013/04/06","PMC3611628","","10.4103/0974-8520.105233"
"1538868","Rheumatoid arthritis and Maharishi Ayur-Veda","Lovell-Smith HD.","N Z Med J. 1992 Feb 12;105(927):42.","Lovell-Smith HD","N Z Med J","1992","1992/02/12","","",""
"18941878","Synergistic effect of Kalpaamruthaa on antiarthritic and antiinflammatory properties--its mechanism of action","Mythilypriya R, Shanthi P, Sachdanandam P.","Inflammation. 2008 Dec;31(6):391-8. doi: 10.1007/s10753-008-9090-2.","Mythilypriya R","Inflammation","2008","2008/10/23","","","10.1007/s10753-008-9090-2"
"31641694","Adverse events with ayurvedic medicines- possible adulteration and some inherent toxicities","Paudyal B, Thapa A, Sigdel KR, Adhikari S, Basnyat B.","Wellcome Open Res. 2019 Nov 1;4:23. doi: 10.12688/wellcomeopenres.15096.3. eCollection 2019.","Paudyal B","Wellcome Open Res","2019","2019/11/14","PMC6790910","","10.12688/wellcomeopenres.15096.3"
"28987361","Comparative effect of horse gram and black gram on inflammatory mediators and antioxidant status","Rajagopal V, Pushpan CK, Antony H.","J Food Drug Anal. 2017 Oct;25(4):845-853. doi: 10.1016/j.jfda.2016.08.010. Epub 2016 Nov 11.","Rajagopal V","J Food Drug Anal","2017","2017/10/09","PMC9328873","","10.1016/j.jfda.2016.08.010"
"38761758","Phenolic enriched fraction of Clerodendrum glandulosum Lindl. leaf extract ameliorates hyperglycemia and oxidative stress in streptozotocin-nicotinamide induced diabetic rats","Khound P, Deb PK, Bhattacharjee S, Medina KD, Sarma PP, Sarkar B, Devi R.","J Ayurveda Integr Med. 2024 May-Jun;15(3):100906. doi: 10.1016/j.jaim.2024.100906. Epub 2024 May 17.","Khound P","J Ayurveda Integr Med","2024","2024/05/18","PMC11127218","","10.1016/j.jaim.2024.100906"
"23326092","Evaluation of anti-arthritic potential of the methanolic extract of the aerial parts of Costus speciosus","Srivastava S, Singh P, Jha KK, Mishra G, Srivastava S, Khosa RL.","J Ayurveda Integr Med. 2012 Oct;3(4):204-8. doi: 10.4103/0975-9476.104443.","Srivastava S","J Ayurveda Integr Med","2012","2013/01/18","PMC3545241","","10.4103/0975-9476.104443"
"1494322","Ginger (Zingiber officinale) in rheumatism and musculoskeletal disorders","Srivastava KC, Mustafa T.","Med Hypotheses. 1992 Dec;39(4):342-8. doi: 10.1016/0306-9877(92)90059-l.","Srivastava KC","Med Hypotheses","1992","1992/12/01","","","10.1016/0306-9877(92)90059-l"
"19874236","Inhibitory effects of Cynodon dactylon L. on inflammation and oxidative stress in adjuvant treated rats","Sindhu G, Ratheesh M, Shyni GL, Helen A.","Immunopharmacol Immunotoxicol. 2009;31(4):647-53. doi: 10.3109/08923970902947325.","Sindhu G","Immunopharmacol Immunotoxicol","2009","2009/10/31","","","10.3109/08923970902947325"
"38985176","[What is the potential of ChatGPT for qualified patient information? : Attempt of a structured analysis on the basis of a survey regarding complementary and alternative medicine (CAM) in rheumatology]","Keyßer G, Pfeil A, Reuß-Borst M, Frohne I, Schultz O, Sander O.","Z Rheumatol. 2024 Jul 10. doi: 10.1007/s00393-024-01535-6. Online ahead of print.","Keyßer G","Z Rheumatol","2024","2024/07/10","","","10.1007/s00393-024-01535-6"
"22048534","Management of Amavata with 'Amrita Ghrita': A clinical study","Lekurwale PS, Pandey K, Yadaiah P.","Ayu. 2010 Oct;31(4):430-5. doi: 10.4103/0974-8520.82033.","Lekurwale PS","Ayu","2010","2011/11/04","PMC3202259","","10.4103/0974-8520.82033"
"30309742","Morbidity profile of adult outpatients attending traditional medicine health facilities in a district of South India","Duraisamy V, Thekkur P, Majella MG, Srinivasan M, Saya GK, Chinnakali P.","J Ayurveda Integr Med. 2018 Oct-Dec;9(4):281-284. doi: 10.1016/j.jaim.2017.06.009. Epub 2018 Oct 9.","Duraisamy V","J Ayurveda Integr Med","2018","2018/10/13","PMC6314233","","10.1016/j.jaim.2017.06.009"
"21182924","Anti-inflammatory activity of Terminalia paniculata bark extract against acute and chronic inflammation in rats","Talwar S, Nandakumar K, Nayak PG, Bansal P, Mudgal J, Mor V, Rao CM, Lobo R.","J Ethnopharmacol. 2011 Mar 24;134(2):323-8. doi: 10.1016/j.jep.2010.12.015. Epub 2010 Dec 21.","Talwar S","J Ethnopharmacol","2011","2010/12/25","","","10.1016/j.jep.2010.12.015"
"32549135","Double-blind trial of solid lipid Boswellia serrata particles (SLBSP) vs. standardized Boswellia serrata gum extract (BSE) for osteoarthritis of knee","Kulkarni PD, Damle ND, Singh S, Yadav KS, Ghante MR, Bhaskar VH, Hingorani L, Gota VS.","Drug Metab Pers Ther. 2020 Jun 8;35(2):/j/dmdi.2020.35.issue-2/dmpt-2020-0104/dmpt-2020-0104.xml. doi: 10.1515/dmpt-2020-0104.","Kulkarni PD","Drug Metab Pers Ther","2020","2020/06/19","","","10.1515/dmpt-2020-0104"
"29395893","Effect of Nadi svedana with simultaneous passive stretching on correction of sandhijadya","Patel MM, Patel MV, Gupta SN, Patel KB.","J Ayurveda Integr Med. 2018 Jan-Mar;9(1):61-63. doi: 10.1016/j.jaim.2017.07.002. Epub 2018 Feb 1.","Patel MM","J Ayurveda Integr Med","2018","2018/02/04","PMC5884176","","10.1016/j.jaim.2017.07.002"
"24706581","Inhibition of LPS-induced TNF-α and NO production in mouse macrophage and inflammatory response in rat animal models by a novel Ayurvedic formulation, BV-9238","Dey D, Chaskar S, Athavale N, Chitre D.","Phytother Res. 2014 Oct;28(10):1479-85. doi: 10.1002/ptr.5151. Epub 2014 Apr 7.","Dey D","Phytother Res","2014","2014/04/08","","","10.1002/ptr.5151"
"12639750","Anti-inflammatory and analgesic activity in the polyherbal formulation Maharasnadhi Quathar","Thabrew MI, Dharmasiri MG, Senaratne L.","J Ethnopharmacol. 2003 Apr;85(2-3):261-7. doi: 10.1016/s0378-8741(03)00016-3.","Thabrew MI","J Ethnopharmacol","2003","2003/03/18","","","10.1016/s0378-8741(03)00016-3"
"29331761","Prevention of articular cartilage degeneration in a rat model of monosodium iodoacetate induced osteoarthritis by oral treatment with Withaferin A","Choudhary D, Adhikary S, Ahmad N, Kothari P, Verma A, Trivedi PK, Mishra PR, Trivedi R.","Biomed Pharmacother. 2018 Mar;99:151-161. doi: 10.1016/j.biopha.2017.12.113. Epub 2018 Jan 11.","Choudhary D","Biomed Pharmacother","2018","2018/01/15","","","10.1016/j.biopha.2017.12.113"
"25298581","Evaluation of antinociceptive effect of methanolic leaf and root extracts of Clitoria ternatea Linn. in rats","Kamilla L, Ramanathan S, Sasidharan S, Mansor SM.","Indian J Pharmacol. 2014 Sep-Oct;46(5):515-20. doi: 10.4103/0253-7613.140583.","Kamilla L","Indian J Pharmacol","2014","2014/10/10","PMC4175888","","10.4103/0253-7613.140583"
"12902050","Free radical scavenging activity of the alcoholic extract of Trewia polycarpa roots in arthritic rats","Chamundeeswari D, Vasantha J, Gopalakrishnan S, Sukumar E.","J Ethnopharmacol. 2003 Sep;88(1):51-6. doi: 10.1016/s0378-8741(03)00143-0.","Chamundeeswari D","J Ethnopharmacol","2003","2003/08/07","","","10.1016/s0378-8741(03)00143-0"
"21373805","Isolation, characterization and quantification of tricin and flavonolignans in the medicinal rice Njavara (Oryza sativa L.), as compared to staple varieties","Mohanlal S, Parvathy R, Shalini V, Helen A, Jayalekshmy A.","Plant Foods Hum Nutr. 2011 Mar;66(1):91-6. doi: 10.1007/s11130-011-0217-5.","Mohanlal S","Plant Foods Hum Nutr","2011","2011/03/05","","","10.1007/s11130-011-0217-5"
"24864253","Topical application of Cleome viscosa increases the expression of basic fibroblast growth factor and type III collagen in rat cutaneous wound","Upadhyay A, Chattopadhyay P, Goyary D, Mazumder PM, Veer V.","Biomed Res Int. 2014;2014:680879. doi: 10.1155/2014/680879. Epub 2014 Apr 22.","Upadhyay A","Biomed Res Int","2014","2014/05/28","PMC4016850","","10.1155/2014/680879"
"25363757","Antiarthritic activity of a standardized, multiherbal, Ayurvedic formulation containing Boswellia serrata: in vitro studies on knee cartilage from osteoarthritis patients","Sumantran VN, Joshi AK, Boddul S, Koppikar SJ, Warude D, Patwardhan B, Chopra A, Chandwaskar R, Wagh UV.","Phytother Res. 2011 Sep;25(9):1375-80. doi: 10.1002/ptr.3365. Epub 2011 Feb 24.","Sumantran VN","Phytother Res","2011","2014/11/04","","","10.1002/ptr.3365"
"1943180","Treatment of osteoarthritis with a herbomineral formulation: a double-blind, placebo-controlled, cross-over study","Kulkarni RR, Patki PS, Jog VP, Gandage SG, Patwardhan B.","J Ethnopharmacol. 1991 May-Jun;33(1-2):91-5. doi: 10.1016/0378-8741(91)90167-c.","Kulkarni RR","J Ethnopharmacol","1991","1991/05/01","","","10.1016/0378-8741(91)90167-c"
"15309279","[Lead poisoning after ingestion of ayurvedic drugs]","Schilling U, Mück R, Heidemann E.","Med Klin (Munich). 2004 Aug 15;99(8):476-80. doi: 10.1007/s00063-004-1072-2.","Schilling U","Med Klin (Munich)","2004","2004/08/17","","","10.1007/s00063-004-1072-2"
"17043520","A 32-week randomized, placebo-controlled clinical evaluation of RA-11, an Ayurvedic drug, on osteoarthritis of the knees","Chopra A, Lavin P, Patwardhan B, Chitre D.","J Clin Rheumatol. 2004 Oct;10(5):236-45. doi: 10.1097/01.rhu.0000138087.47382.6d.","Chopra A","J Clin Rheumatol","2004","2006/10/18","","","10.1097/01.rhu.0000138087.47382.6d"
"17762148","Hyaluronidase and collagenase inhibitory activities of the herbal formulation Triphala guggulu","Sumantran VN, Kulkarni AA, Harsulkar A, Wele A, Koppikar SJ, Chandwaskar R, Gaire V, Dalvi M, Wagh UV.","J Biosci. 2007 Jun;32(4):755-61. doi: 10.1007/s12038-007-0075-3.","Sumantran VN","J Biosci","2007","2007/09/01","","","10.1007/s12038-007-0075-3"
"20532090","The Ayurvedic drug, Ksheerabala, ameliorates quinolinic acid-induced oxidative stress in rat brain","Swathy SS, Indira M.","Int J Ayurveda Res. 2010 Jan;1(1):4-9. doi: 10.4103/0974-7788.59936.","Swathy SS","Int J Ayurveda Res","2010","2010/06/10","PMC2876928","","10.4103/0974-7788.59936"
"28962889","A new clerodane furano diterpene glycoside from Tinospora cordifolia triggers autophagy and apoptosis in HCT-116 colon cancer cells","Sharma N, Kumar A, Sharma PR, Qayum A, Singh SK, Dutt P, Paul S, Gupta V, Verma MK, Satti NK, Vishwakarma R.","J Ethnopharmacol. 2018 Jan 30;211:295-310. doi: 10.1016/j.jep.2017.09.034. Epub 2017 Sep 27.","Sharma N","J Ethnopharmacol","2018","2017/10/01","","","10.1016/j.jep.2017.09.034"
"24927349","Safety evaluation of mercury based Ayurvedic formulation (Sidh Makardhwaj) on brain cerebrum, liver & kidney in rats","Kumar G, Srivastava A, Sharma SK, Gupta YK.","Indian J Med Res. 2014 Apr;139(4):610-8.","Kumar G","Indian J Med Res","2014","2014/06/14","PMC4078501","",""
"20136559","Anti-inflammatory and antioxidant effects of Jeevaneeya Rasayana: an ayurvedic polyherbal formulation on acute and chronic models of inflammation","Shyni GL, Ratheesh M, Sindhu G, Helen A.","Immunopharmacol Immunotoxicol. 2010 Dec;32(4):569-75. doi: 10.3109/08923970903584890. Epub 2010 Feb 5.","Shyni GL","Immunopharmacol Immunotoxicol","2010","2010/02/09","","","10.3109/08923970903584890"
"30120052","Eurycoma longifolia, a promising suppressor of RANKL-induced differentiation and activation of osteoclasts: An in vitro mechanistic evaluation","Thu HE, Hussain Z, Mohamed IN, Shuid AN.","J Ayurveda Integr Med. 2019 Apr-Jun;10(2):102-110. doi: 10.1016/j.jaim.2017.07.014. Epub 2018 Aug 16.","Thu HE","J Ayurveda Integr Med","2019","2018/08/19","PMC6598823","","10.1016/j.jaim.2017.07.014"
"6482481","Study of anti-inflammatory activity in the leaves of Nyctanthes arbor tristis Linn.--an Indian medicinal plant","Saxena RS, Gupta B, Saxena KK, Singh RC, Prasad DN.","J Ethnopharmacol. 1984 Aug;11(3):319-30. doi: 10.1016/0378-8741(84)90077-1.","Saxena RS","J Ethnopharmacol","1984","1984/08/01","","","10.1016/0378-8741(84)90077-1"
"25051624","HPTLC method for simultaneous determination of piperine, embeline, and carvone in the ayurvedic formulation Catpusphadhya churna","Jain KL, Patel RK, Patel HP.","J AOAC Int. 2014 May-Jun;97(3):773-7. doi: 10.5740/jaoacint.10-118.","Jain KL","J AOAC Int","2014","2014/07/24","","","10.5740/jaoacint.10-118"
"23365148","Ayurvedic medicine offers a good alternative to glucosamine and celecoxib in the treatment of symptomatic knee osteoarthritis: a randomized, double-blind, controlled equivalence drug trial","Chopra A, Saluja M, Tillu G, Sarmukkaddam S, Venugopalan A, Narsimulu G, Handa R, Sumantran V, Raut A, Bichile L, Joshi K, Patwardhan B.","Rheumatology (Oxford). 2013 Aug;52(8):1408-17. doi: 10.1093/rheumatology/kes414. Epub 2013 Jan 30.","Chopra A","Rheumatology (Oxford)","2013","2013/02/01","","","10.1093/rheumatology/kes414"
"28987943","A standardized extract of Butea monosperma (Lam.) flowers suppresses the IL-1β-induced expression of IL-6 and matrix-metalloproteases by activating autophagy in human osteoarthritis chondrocytes","Ansari MY, Khan NM, Haqqi TM.","Biomed Pharmacother. 2017 Dec;96:198-207. doi: 10.1016/j.biopha.2017.09.140. Epub 2017 Oct 6.","Ansari MY","Biomed Pharmacother","2017","2017/10/09","","","10.1016/j.biopha.2017.09.140"
"27438966","Triphala herbal extract suppresses inflammatory responses in LPS-stimulated RAW 264.7 macrophages and adjuvant-induced arthritic rats via inhibition of NF-κB pathway","Kalaiselvan S, Rasool MK.","J Immunotoxicol. 2016 Jul;13(4):509-25. doi: 10.3109/1547691X.2015.1136010. Epub 2016 Jul 20.","Kalaiselvan S","J Immunotoxicol","2016","2016/07/21","","","10.3109/1547691X.2015.1136010"
"16818501","Withanolides potentiate apoptosis, inhibit invasion, and abolish osteoclastogenesis through suppression of nuclear factor-kappaB (NF-kappaB) activation and NF-kappaB-regulated gene expression","Ichikawa H, Takada Y, Shishodia S, Jayaprakasam B, Nair MG, Aggarwal BB.","Mol Cancer Ther. 2006 Jun;5(6):1434-45. doi: 10.1158/1535-7163.MCT-06-0096.","Ichikawa H","Mol Cancer Ther","2006","2006/07/05","","","10.1158/1535-7163.MCT-06-0096"
"23701973","Comparative effectiveness of a complex Ayurvedic treatment and conventional standard care in osteoarthritis of the knee--study protocol for a randomized controlled trial","Witt CM, Michalsen A, Roll S, Morandi A, Gupta S, Rosenberg M, Kronpass L, Stapelfeldt E, Hissar S, Müller M, Kessler C.","Trials. 2013 May 23;14:149. doi: 10.1186/1745-6215-14-149.","Witt CM","Trials","2013","2013/05/25","PMC3664613","","10.1186/1745-6215-14-149"
"12076306","Antioxidant/restorative effects of calcined gold preparations used in Indian systems of medicine against global and focal models of ischaemia","Shah ZA, Vohora SB.","Pharmacol Toxicol. 2002 May;90(5):254-9. doi: 10.1034/j.1600-0773.2002.900505.x.","Shah ZA","Pharmacol Toxicol","2002","2002/06/22","","","10.1034/j.1600-0773.2002.900505.x"
"15833898","The ratio of constitutive androstane receptor to pregnane X receptor determines the activity of guggulsterone against the Cyp2b10 promoter","Ding X, Staudinger JL.","J Pharmacol Exp Ther. 2005 Jul;314(1):120-7. doi: 10.1124/jpet.105.085225. Epub 2005 Apr 15.","Ding X","J Pharmacol Exp Ther","2005","2005/04/19","","","10.1124/jpet.105.085225"
"26456329","Evaluation of subacute toxicity of methanolic/aqueous preparation of aerial parts of O. sanctum in Wistar rats: Clinical, haematological, biochemical and histopathological studies","Raina P, Chandrasekaran CV, Deepak M, Agarwal A, Ruchika KG.","J Ethnopharmacol. 2015 Dec 4;175:509-17. doi: 10.1016/j.jep.2015.10.015. Epub 2015 Oct 9.","Raina P","J Ethnopharmacol","2015","2015/10/13","","","10.1016/j.jep.2015.10.015"
"27493682","Simultaneous quantification of triterpenoic acids by high performance liquid chromatography method in the extracts of gum resin of Boswellia serrata obtained by different extraction techniques","Sharma N, Bhardwaj V, Singh S, Ali SA, Gupta DK, Paul S, Satti NK, Chandra S, Verma MK.","Chem Cent J. 2016 Aug 4;10:49. doi: 10.1186/s13065-016-0194-8. eCollection 2016.","Sharma N","Chem Cent J","2016","2016/08/06","PMC4973369","","10.1186/s13065-016-0194-8"
"24072152","Modulatory effect of Chandraprabha Vati on antimicrobial peptides and inflammatory markers in kidneys of mice with urinary tract infection","Christa SS, Swetha A, Christina E, Ganesh R, Viswanathan P.","Iran J Kidney Dis. 2013 Sep;7(5):390-8.","Christa SS","Iran J Kidney Dis","2013","2013/09/28","","",""
"26729956","Evaluation of Caesalpinia bonducella flower extract for anti-inflammatory action in rats and its high performance thin layer chromatography chemical fingerprinting","Arunadevi R, Murugammal S, Kumar D, Tandan SK.","Indian J Pharmacol. 2015 Nov-Dec;47(6):638-43. doi: 10.4103/0253-7613.169582.","Arunadevi R","Indian J Pharmacol","2015","2016/01/06","PMC4689018","","10.4103/0253-7613.169582"
"24004166","Anti-inflammatory, anti-lipid peroxidative, antioxidant and membrane stabilizing activities of hydroalcoholic extract of Terminalia chebula fruits","Bag A, Kumar Bhattacharyya S, Kumar Pal N, Ranjan Chattopadhyay R.","Pharm Biol. 2013 Dec;51(12):1515-20. doi: 10.3109/13880209.2013.799709. Epub 2013 Sep 5.","Bag A","Pharm Biol","2013","2013/09/06","","","10.3109/13880209.2013.799709"
"24812473","Activity of Plumbago zeylanica Linn. root and Holoptelea integrifolia Roxb. bark pastes in acute and chronic paw inflammation in Wistar rat","Kumar D, Ganguly K, Hegde HV, Patil PA, Roy S, Kholkute SD.","J Ayurveda Integr Med. 2014 Jan;5(1):33-7. doi: 10.4103/0975-9476.128853.","Kumar D","J Ayurveda Integr Med","2014","2014/05/10","PMC4012359","","10.4103/0975-9476.128853"
"21240842","Chemical characterization of a commercial Commiphora wightii resin sample and chemical profiling to assess for authenticity","Ahmed R, Ali Z, Wu Y, Kulkarni S, Avery MA, Choudhary MI, Khan IA.","Planta Med. 2011 Jun;77(9):945-50. doi: 10.1055/s-0030-1250674. Epub 2011 Jan 14.","Ahmed R","Planta Med","2011","2011/01/18","","","10.1055/s-0030-1250674"
"14652679","A comparison of the anti-inflammatory activities of conjugated estrogens and 17-beta estradiol","Thomas TN, Rhodin JA, Clark L, Garces A, Bryant M.","Inflamm Res. 2003 Nov;52(11):452-60. doi: 10.1007/s00011-003-1198-0.","Thomas TN","Inflamm Res","2003","2003/12/04","","","10.1007/s00011-003-1198-0"
"21143809","Inhibition of the NEMO/IKKβ association complex formation, a novel mechanism associated with the NF-κB activation suppression by Withania somnifera's key metabolite withaferin A","Grover A, Shandilya A, Punetha A, Bisaria VS, Sundar D.","BMC Genomics. 2010 Dec 2;11 Suppl 4(Suppl 4):S25. doi: 10.1186/1471-2164-11-S4-S25.","Grover A","BMC Genomics","2010","2010/12/15","PMC3005936","","10.1186/1471-2164-11-S4-S25"
"23665164","Argyreia nervosa (Burm. f.): receptor profiling of lysergic acid amide and other potential psychedelic LSD-like compounds by computational and binding assay approaches","Paulke A, Kremer C, Wunder C, Achenbach J, Djahanschiri B, Elias A, Schwed JS, Hübner H, Gmeiner P, Proschak E, Toennes SW, Stark H.","J Ethnopharmacol. 2013 Jul 9;148(2):492-7. doi: 10.1016/j.jep.2013.04.044. Epub 2013 May 7.","Paulke A","J Ethnopharmacol","2013","2013/05/14","","","10.1016/j.jep.2013.04.044"
"22550847","Phase II clinical trial of Ayurved Siriraj Wattana Recipe for symptomatic relief in patients with osteoarthritis of the knee","Pengkhum T, Chatsiricharoenkul S, Akarasereenont P, Charoencholvanich K.","J Med Assoc Thai. 2012 Mar;95(3):452-60.","Pengkhum T","J Med Assoc Thai","2012","2012/05/04","","",""
"15846584","Ayurvedic medicine: it is ""time"" for scientifically sound studies","Khanna D.","Semin Arthritis Rheum. 2005 Apr;34(5):703-4. doi: 10.1016/j.semarthrit.2004.11.002.","Khanna D","Semin Arthritis Rheum","2005","2005/04/23","","","10.1016/j.semarthrit.2004.11.002"
"17588554","Restorative and synergistic efficacy of Kalpaamruthaa, a modified Siddha preparation, on an altered antioxidant status in adjuvant induced arthritic rat model","Mythilypriya R, Shanthi P, Sachdanandam P.","Chem Biol Interact. 2007 Jul 20;168(3):193-202. doi: 10.1016/j.cbi.2007.04.005. Epub 2007 Apr 21.","Mythilypriya R","Chem Biol Interact","2007","2007/06/26","","","10.1016/j.cbi.2007.04.005"
"11338919","Misuse of corticosteroids in some of the drugs dispensed as preparations from alternative systems of medicine in India","Gupta SK, Kaleekal T, Joshi S.","Pharmacoepidemiol Drug Saf. 2000 Dec;9(7):599-602. doi: 10.1002/pds.553.","Gupta SK","Pharmacoepidemiol Drug Saf","2000","2001/05/08","","","10.1002/pds.553"
"23284219","Skin rash on site of application of Dashanga Lepa (polyherbal formulation): A rare and unexpected drug reaction","Ajanal M, Kadam A, Nayak SU.","Anc Sci Life. 2012 Jan;31(3):129-31. doi: 10.4103/0257-7941.103193.","Ajanal M","Anc Sci Life","2012","2013/01/04","PMC3530337","","10.4103/0257-7941.103193"
"26925290","Investigation of the Anti-Inflammatory and Analgesic Activities of Ethanol Extract of Stem Bark of Sonapatha Oroxylum indicum In Vivo","Lalrinzuali K, Vabeiryureilai M, Jagetia GC.","Int J Inflam. 2016;2016:8247014. doi: 10.1155/2016/8247014. Epub 2016 Jan 26.","Lalrinzuali K","Int J Inflam","2016","2016/03/01","PMC4746378","","10.1155/2016/8247014"
"9566100","[Is H15 (resin extract of Boswellia serrata, ""incense"") a useful supplement to established drug therapy of chronic polyarthritis? Results of a double-blind pilot study]","Sander O, Herborn G, Rau R.","Z Rheumatol. 1998 Feb;57(1):11-6. doi: 10.1007/s003930050051.","Sander O","Z Rheumatol","1998","1998/05/05","","","10.1007/s003930050051"
"15727162","Evaluation and standardisation of the antioxidant properties of two Indian remedies with biochemical test assays","Janisch KM, Milde J, Elstner EF.","Arzneimittelforschung. 2005;55(1):30-7. doi: 10.1055/s-0031-1296822.","Janisch KM","Arzneimittelforschung","2005","2005/02/25","","","10.1055/s-0031-1296822"
"12127232","Tranquilizing, antihistaminic and purgative activity of Nyctanthes arbor tristis leaf extract","Saxena RS, Gupta B, Lata S.","J Ethnopharmacol. 2002 Aug;81(3):321-5. doi: 10.1016/s0378-8741(02)00088-0.","Saxena RS","J Ethnopharmacol","2002","2002/07/20","","","10.1016/s0378-8741(02)00088-0"
"15910411","Attenuation of stress-elicited brain catecholamines, serotonin and plasma corticosterone levels by calcined gold preparations used in Indian system of medicine","Shah ZA, Gilani RA, Sharma P, Vohora SB.","Basic Clin Pharmacol Toxicol. 2005 Jun;96(6):469-74. doi: 10.1111/j.1742-7843.2005.pto_10.x.","Shah ZA","Basic Clin Pharmacol Toxicol","2005","2005/05/25","","","10.1111/j.1742-7843.2005.pto_10.x"
"12007704","Evaluation of chemical constituents and free-radical scavenging activity of Swarnabhasma (gold ash), an ayurvedic drug","Mitra A, Chakraborty S, Auddy B, Tripathi P, Sen S, Saha AV, Mukherjee B.","J Ethnopharmacol. 2002 May;80(2-3):147-53. doi: 10.1016/s0378-8741(02)00008-9.","Mitra A","J Ethnopharmacol","2002","2002/05/15","","","10.1016/s0378-8741(02)00008-9"
"12776478","The effectiveness of Commiphora mukul for osteoarthritis of the knee: an outcomes study","Singh BB, Mishra LC, Vinjamury SP, Aquilina N, Singh VJ, Shepard N.","Altern Ther Health Med. 2003 May-Jun;9(3):74-9.","Singh BB","Altern Ther Health Med","2003","2003/06/05","","",""
"24093979","Use of and satisfaction with complementary and alternative medicine in four chronic diseases: a cross-sectional study from India","Bhalerao MS, Bolshete PM, Swar BD, Bangera TA, Kolhe VR, Tambe MJ, Wade MP, Bhowate SD, Sonje UB, Gogtay NJ, Thatte UM.","Natl Med J India. 2013 Mar-Apr;26(2):75-8.","Bhalerao MS","Natl Med J India","2013","2013/10/08","","",""
"23196313","Assessment of use of complementary alternative medicine and its impact on quality of life in the patients attending rheumatology clinic, in a tertiary care centre in India","Jadhav MP, Jadhav PM, Shelke P, Sharma Y, Nadkar M.","Indian J Med Sci. 2011 Feb;65(2):50-7.","Jadhav MP","Indian J Med Sci","2011","2012/12/01","","",""
"5906161","A study of anti-arthritic action of Vanda roxburghii in albino rats","Prasad DN, Achari G.","J Indian Med Assoc. 1966 Mar 1;46(5):234-7.","Prasad DN","J Indian Med Assoc","1966","1966/03/01","","",""
"25438496","Transient A-V dissociation and severe hypotension due to consumption of Ayurvedic medicine--Vatsanabha (aconitum ferox)","Laddhad D, Sancheti SR, Dinde Y.","J Assoc Physicians India. 2014 May;62(5):434-5.","Laddhad D","J Assoc Physicians India","2014","2014/12/03","","",""
"11253408","Usefulness of guggul (Commiphora mukul) for osteoarthritis of the knee: An experimental case study","Singh BB, Mishra L, Aquilina N, Kohlbeck F.","Altern Ther Health Med. 2001 Mar;7(2):120, 112-4.","Singh BB","Altern Ther Health Med","2001","2001/03/20","","",""
